,Base Asset,Quote Asset,Price
0,ETH,ETHBTC,0.07385400
1,LTC,LTCBTC,0.00262400
2,BNB,BNBBTC,0.01357100
3,NEO,NEOBTC,0.00049200
4,QTUM,QTUMETH,0.00237200
5,EOS,EOSETH,0.00071000
6,SNT,SNTETH,0.00001929
7,BNT,BNTETH,0.00035100
8,BCC,BCCBTC,0.07908100
9,GAS,GASBTC,0.00012560
10,BNB,BNBETH,0.18360000
11,BTC,BTCUSDT,23907.32000000
12,ETH,ETHUSDT,1765.41000000
13,HSR,HSRBTC,0.00041400
14,OAX,OAXETH,0.00017780
15,DNT,DNTETH,0.00002801
16,MCO,MCOETH,0.00577200
17,ICN,ICNETH,0.00166300
18,MCO,MCOBTC,0.00021140
19,WTC,WTCBTC,0.00001249
20,WTC,WTCETH,0.00023700
21,LRC,LRCBTC,0.00001999
22,LRC,LRCETH,0.00027042
23,QTUM,QTUMBTC,0.00017520
24,YOYO,YOYOBTC,0.00000008
25,OMG,OMGBTC,0.00009850
26,OMG,OMGETH,0.00133400
27,ZRX,ZRXBTC,0.00001507
28,ZRX,ZRXETH,0.00020560
29,STRAT,STRATBTC,0.00003085
30,STRAT,STRATETH,0.00105300
31,SNGLS,SNGLSBTC,0.00000013
32,SNGLS,SNGLSETH,0.00005306
33,BQX,BQXBTC,0.00008703
34,BQX,BQXETH,0.00126350
35,KNC,KNCBTC,0.00006632
36,KNC,KNCETH,0.00089890
37,FUN,FUNBTC,0.00000029
38,FUN,FUNETH,0.00000467
39,SNM,SNMBTC,0.00000592
40,SNM,SNMETH,0.00004986
41,NEO,NEOETH,0.00666000
42,IOTA,IOTABTC,0.00001457
43,IOTA,IOTAETH,0.00019710
44,LINK,LINKBTC,0.00036390
45,LINK,LINKETH,0.00492500
46,XVG,XVGBTC,0.00000015
47,XVG,XVGETH,0.00000218
48,SALT,SALTBTC,0.00004250
49,SALT,SALTETH,0.00113800
50,MDA,MDABTC,0.00000449
51,MDA,MDAETH,0.00181150
52,MTL,MTLBTC,0.00005987
53,MTL,MTLETH,0.00080870
54,SUB,SUBBTC,0.00000457
55,SUB,SUBETH,0.00012334
56,EOS,EOSBTC,0.00005240
57,SNT,SNTBTC,0.00000142
58,ETC,ETCETH,0.02125000
59,ETC,ETCBTC,0.00156900
60,MTH,MTHBTC,0.00000023
61,MTH,MTHETH,0.00004135
62,ENG,ENGBTC,0.00006200
63,ENG,ENGETH,0.00186480
64,DNT,DNTBTC,0.00000229
65,ZEC,ZECBTC,0.00303600
66,ZEC,ZECETH,0.04112000
67,BNT,BNTBTC,0.00002595
68,AST,ASTBTC,0.00000446
69,AST,ASTETH,0.00006960
70,DASH,DASHBTC,0.00226000
71,DASH,DASHETH,0.03063000
72,OAX,OAXBTC,0.00000318
73,ICN,ICNBTC,0.00005742
74,BTG,BTGBTC,0.00122100
75,BTG,BTGETH,0.05274500
76,EVX,EVXBTC,0.00000274
77,EVX,EVXETH,0.00062490
78,REQ,REQBTC,0.00000571
79,REQ,REQETH,0.00004995
80,VIB,VIBBTC,0.00000070
81,VIB,VIBETH,0.00000931
82,HSR,HSRETH,0.01247400
83,TRX,TRXBTC,0.00000293
84,TRX,TRXETH,0.00003969
85,POWR,POWRBTC,0.00001091
86,POWR,POWRETH,0.00014870
87,ARK,ARKBTC,0.00002122
88,ARK,ARKETH,0.00104600
89,YOYO,YOYOETH,0.00005828
90,XRP,XRPBTC,0.00001586
91,XRP,XRPETH,0.00021480
92,MOD,MODBTC,0.00004280
93,MOD,MODETH,0.00116700
94,ENJ,ENJBTC,0.00002919
95,ENJ,ENJETH,0.00039510
96,STORJ,STORJBTC,0.00002920
97,STORJ,STORJETH,0.00029910
98,BNB,BNBUSDT,324.40000000
99,VEN,VENBNB,0.14920000
100,YOYO,YOYOBNB,0.00059800
101,POWR,POWRBNB,0.00385000
102,VEN,VENBTC,0.00013928
103,VEN,VENETH,0.00325194
104,KMD,KMDBTC,0.00001339
105,KMD,KMDETH,0.00020970
106,NULS,NULSBNB,0.01257000
107,RCN,RCNBTC,0.00000074
108,RCN,RCNETH,0.00037604
109,RCN,RCNBNB,0.00347300
110,NULS,NULSBTC,0.00001094
111,NULS,NULSETH,0.00051926
112,RDN,RDNBTC,0.00000447
113,RDN,RDNETH,0.00071530
114,RDN,RDNBNB,0.00623000
115,XMR,XMRBTC,0.00696200
116,XMR,XMRETH,0.09455000
117,DLT,DLTBNB,0.00240000
118,WTC,WTCBNB,0.00180500
119,DLT,DLTBTC,0.00000071
120,DLT,DLTETH,0.00016807
121,AMB,AMBBTC,0.00000036
122,AMB,AMBETH,0.00004100
123,AMB,AMBBNB,0.00068500
124,BCC,BCCETH,2.47246000
125,BCC,BCCUSDT,448.70000000
126,BCC,BCCBNB,54.29000000
127,BAT,BATBTC,0.00001808
128,BAT,BATETH,0.00024470
129,BAT,BATBNB,0.00183100
130,BCPT,BCPTBTC,0.00000048
131,BCPT,BCPTETH,0.00008181
132,BCPT,BCPTBNB,0.00116200
133,ARN,ARNBTC,0.00000761
134,ARN,ARNETH,0.00029362
135,GVT,GVTBTC,0.00001792
136,GVT,GVTETH,0.00384600
137,CDT,CDTBTC,0.00000317
138,CDT,CDTETH,0.00005119
139,GXS,GXSBTC,0.00004581
140,GXS,GXSETH,0.00062460
141,NEO,NEOUSDT,11.76000000
142,NEO,NEOBNB,0.03630000
143,POE,POEBTC,0.00000005
144,POE,POEETH,0.00000664
145,QSP,QSPBTC,0.00000085
146,QSP,QSPETH,0.00002249
147,QSP,QSPBNB,0.00052350
148,BTS,BTSBTC,0.00000056
149,BTS,BTSETH,0.00009498
150,BTS,BTSBNB,0.00144800
151,XZC,XZCBTC,0.00013550
152,XZC,XZCETH,0.00310000
153,XZC,XZCBNB,0.26750000
154,LSK,LSKBTC,0.00005113
155,LSK,LSKETH,0.00069100
156,LSK,LSKBNB,0.06494000
157,TNT,TNTBTC,0.00000261
158,TNT,TNTETH,0.00000920
159,FUEL,FUELBTC,0.00000026
160,FUEL,FUELETH,0.00002221
161,MANA,MANABTC,0.00004500
162,MANA,MANAETH,0.00060940
163,BCD,BCDBTC,0.00001351
164,BCD,BCDETH,0.00251000
165,DGD,DGDBTC,0.00393100
166,DGD,DGDETH,0.19260000
167,IOTA,IOTABNB,0.00107200
168,ADX,ADXBTC,0.00000814
169,ADX,ADXETH,0.00010990
170,ADX,ADXBNB,0.00492900
171,ADA,ADABTC,0.00002226
172,ADA,ADAETH,0.00030120
173,PPT,PPTBTC,0.00001855
174,PPT,PPTETH,0.00141000
175,CMT,CMTBTC,0.00000028
176,CMT,CMTETH,0.00000625
177,CMT,CMTBNB,0.00057700
178,XLM,XLMBTC,0.00000569
179,XLM,XLMETH,0.00007690
180,XLM,XLMBNB,0.00041960
181,CND,CNDBTC,0.00000006
182,CND,CNDETH,0.00002599
183,CND,CNDBNB,0.00033990
184,LEND,LENDBTC,0.00004512
185,LEND,LENDETH,0.00137174
186,WABI,WABIBTC,0.00000296
187,WABI,WABIETH,0.00040308
188,WABI,WABIBNB,0.00024130
189,LTC,LTCETH,0.03549000
190,LTC,LTCUSDT,62.70000000
191,LTC,LTCBNB,0.19320000
192,TNB,TNBBTC,0.00000007
193,TNB,TNBETH,0.00000752
194,WAVES,WAVESBTC,0.00025800
195,WAVES,WAVESETH,0.00349500
196,WAVES,WAVESBNB,0.01900000
197,GTO,GTOBTC,0.00000106
198,GTO,GTOETH,0.00003197
199,GTO,GTOBNB,0.00035200
200,ICX,ICXBTC,0.00001418
201,ICX,ICXETH,0.00019300
202,ICX,ICXBNB,0.00465400
203,OST,OSTBTC,0.00000032
204,OST,OSTETH,0.00000225
205,OST,OSTBNB,0.00052500
206,ELF,ELFBTC,0.00000739
207,ELF,ELFETH,0.00010010
208,AION,AIONBTC,0.00000180
209,AION,AIONETH,0.00002645
210,AION,AIONBNB,0.00261300
211,NEBL,NEBLBTC,0.00002973
212,NEBL,NEBLBNB,0.01356000
213,BRD,BRDBTC,0.00000174
214,BRD,BRDETH,0.00002352
215,BRD,BRDBNB,0.00247000
216,MCO,MCOBNB,0.26837000
217,EDO,EDOBTC,0.00005609
218,EDO,EDOETH,0.00226600
219,WINGS,WINGSBTC,0.00001193
220,WINGS,WINGSETH,0.00033460
221,NAV,NAVBTC,0.00000368
222,NAV,NAVETH,0.00011870
223,NAV,NAVBNB,0.00423700
224,LUN,LUNBTC,0.00008510
225,LUN,LUNETH,0.00489100
226,TRIG,TRIGBTC,0.00001980
227,TRIG,TRIGETH,0.00059400
228,TRIG,TRIGBNB,0.01218000
229,APPC,APPCBTC,0.00000055
230,APPC,APPCETH,0.00014600
231,APPC,APPCBNB,0.00189100
232,VIBE,VIBEBTC,0.00000042
233,VIBE,VIBEETH,0.00005720
234,RLC,RLCBTC,0.00004429
235,RLC,RLCETH,0.00059900
236,RLC,RLCBNB,0.03344000
237,INS,INSBTC,0.00000618
238,INS,INSETH,0.00050100
239,PIVX,PIVXBTC,0.00000742
240,PIVX,PIVXBNB,0.01660000
241,IOST,IOSTBTC,0.00000064
242,IOST,IOSTETH,0.00000867
243,CHAT,CHATBTC,0.00000195
244,CHAT,CHATETH,0.00006585
245,STEEM,STEEMBTC,0.00001091
246,STEEM,STEEMETH,0.00014770
247,STEEM,STEEMBNB,0.00448000
248,NANO,NANOBTC,0.00006280
249,NANO,NANOETH,0.00090500
250,NANO,NANOBNB,0.05589000
251,VIA,VIABTC,0.00000681
252,VIA,VIAETH,0.00085600
253,VIA,VIABNB,0.00958000
254,BLZ,BLZBTC,0.00000442
255,BLZ,BLZETH,0.00005979
256,BLZ,BLZBNB,0.00062190
257,AE,AEBTC,0.00000292
258,AE,AEETH,0.00021900
259,AE,AEBNB,0.00777000
260,RPX,RPXBTC,0.00000224
261,RPX,RPXETH,0.00005449
262,RPX,RPXBNB,0.00145700
263,NCASH,NCASHBTC,0.00000005
264,NCASH,NCASHETH,0.00000013
265,NCASH,NCASHBNB,0.00006790
266,POA,POABTC,0.00000041
267,POA,POAETH,0.00004891
268,POA,POABNB,0.00092100
269,ZIL,ZILBTC,0.00000191
270,ZIL,ZILETH,0.00002574
271,ZIL,ZILBNB,0.00014010
272,ONT,ONTBTC,0.00001208
273,ONT,ONTETH,0.00016330
274,ONT,ONTBNB,0.00246200
275,STORM,STORMBTC,0.00000035
276,STORM,STORMETH,0.00001398
277,STORM,STORMBNB,0.00006550
278,QTUM,QTUMBNB,0.09597000
279,QTUM,QTUMUSDT,4.18600000
280,XEM,XEMBTC,0.00000219
281,XEM,XEMETH,0.00003593
282,XEM,XEMBNB,0.00244100
283,WAN,WANBTC,0.00001039
284,WAN,WANETH,0.00014080
285,WAN,WANBNB,0.00181000
286,WPR,WPRBTC,0.00000027
287,WPR,WPRETH,0.00004020
288,QLC,QLCBTC,0.00000038
289,QLC,QLCETH,0.00000603
290,SYS,SYSBTC,0.00000798
291,SYS,SYSETH,0.00011047
292,SYS,SYSBNB,0.00163500
293,QLC,QLCBNB,0.00092200
294,GRS,GRSBTC,0.00001649
295,GRS,GRSETH,0.00076455
296,ADA,ADAUSDT,0.53200000
297,ADA,ADABNB,0.00164100
298,CLOAK,CLOAKBTC,0.00015550
299,CLOAK,CLOAKETH,0.00414200
300,GNT,GNTBTC,0.00000678
301,GNT,GNTETH,0.00022071
302,GNT,GNTBNB,0.00243900
303,LOOM,LOOMBTC,0.00000212
304,LOOM,LOOMETH,0.00002868
305,LOOM,LOOMBNB,0.00088500
306,XRP,XRPUSDT,0.37930000
307,BCN,BCNBTC,0.00000022
308,BCN,BCNETH,0.00000707
309,BCN,BCNBNB,0.00002000
310,REP,REPBTC,0.00037650
311,REP,REPBNB,0.44670000
312,BTC,BTCTUSD,23876.82000000
313,TUSD,TUSDBTC,0.00025971
314,ETH,ETHTUSD,1762.51000000
315,TUSD,TUSDETH,0.00762097
316,TUSD,TUSDBNB,0.06777000
317,ZEN,ZENBTC,0.00079400
318,ZEN,ZENETH,0.01076000
319,ZEN,ZENBNB,0.05850000
320,SKY,SKYBTC,0.00000829
321,SKY,SKYETH,0.00222000
322,SKY,SKYBNB,0.03022000
323,EOS,EOSUSDT,1.25300000
324,EOS,EOSBNB,0.00385000
325,CVC,CVCBTC,0.00000679
326,CVC,CVCETH,0.00009930
327,CVC,CVCBNB,0.00211200
328,THETA,THETABTC,0.00006760
329,THETA,THETAETH,0.00091700
330,THETA,THETABNB,0.00498000
331,XRP,XRPBNB,0.00116900
332,TUSD,TUSDUSDT,0.99990000
333,IOTA,IOTAUSDT,0.34810000
334,XLM,XLMUSDT,0.13590000
335,IOTX,IOTXBTC,0.00000156
336,IOTX,IOTXETH,0.00002100
337,QKC,QKCBTC,0.00000050
338,QKC,QKCETH,0.00000676
339,AGI,AGIBTC,0.00000668
340,AGI,AGIETH,0.00007363
341,AGI,AGIBNB,0.00077200
342,NXS,NXSBTC,0.00000356
343,NXS,NXSETH,0.00077300
344,NXS,NXSBNB,0.01087000
345,ENJ,ENJBNB,0.00215100
346,DATA,DATABTC,0.00000167
347,DATA,DATAETH,0.00002246
348,ONT,ONTUSDT,0.28820000
349,TRX,TRXBNB,0.00021610
350,TRX,TRXUSDT,0.07004000
351,ETC,ETCUSDT,37.55000000
352,ETC,ETCBNB,0.11570000
353,ICX,ICXUSDT,0.33800000
354,SC,SCBTC,0.00000017
355,SC,SCETH,0.00000267
356,NPXS,NPXSBTC,0.00000003
357,NPXS,NPXSETH,0.00000345
358,VEN,VENUSDT,0.00010000
359,KEY,KEYBTC,0.00000013
360,KEY,KEYETH,0.00000290
361,NAS,NASBTC,0.00000228
362,NAS,NASETH,0.00004047
363,NAS,NASBNB,0.02337000
364,MFT,MFTBTC,0.00000008
365,MFT,MFTETH,0.00000270
366,MFT,MFTBNB,0.00001485
367,DENT,DENTBTC,0.00000004
368,DENT,DENTETH,0.00000067
369,ARDR,ARDRBTC,0.00000478
370,ARDR,ARDRETH,0.00018870
371,ARDR,ARDRBNB,0.00316800
372,NULS,NULSUSDT,0.26080000
373,HOT,HOTBTC,0.00000002
374,HOT,HOTETH,0.00000150
375,VET,VETBTC,0.00000132
376,VET,VETETH,0.00001791
377,VET,VETUSDT,0.03158000
378,VET,VETBNB,0.00009730
379,DOCK,DOCKBTC,0.00000109
380,DOCK,DOCKETH,0.00003283
381,POLY,POLYBTC,0.00000959
382,POLY,POLYBNB,0.00145900
383,PHX,PHXBTC,0.00000180
384,PHX,PHXETH,0.00005617
385,PHX,PHXBNB,0.00045600
386,HC,HCBTC,0.00002000
387,HC,HCETH,0.00513400
388,GO,GOBTC,0.00000043
389,GO,GOBNB,0.00069230
390,PAX,PAXBTC,0.00025175
391,PAX,PAXBNB,0.20121000
392,PAX,PAXUSDT,0.99960000
393,PAX,PAXETH,0.00888047
394,RVN,RVNBTC,0.00000160
395,DCR,DCRBTC,0.00157300
396,DCR,DCRBNB,0.78100000
397,USDC,USDCBNB,0.21755000
398,MITH,MITHBTC,0.00000124
399,MITH,MITHBNB,0.00009080
400,BCHABC,BCHABCBTC,0.02933000
401,BCHSV,BCHSVBTC,0.01117900
402,BCHABC,BCHABCUSDT,220.08000000
403,BCHSV,BCHSVUSDT,58.90000000
404,BNB,BNBPAX,495.10000000
405,BTC,BTCPAX,51529.15000000
406,ETH,ETHPAX,3904.41000000
407,XRP,XRPPAX,0.88960000
408,EOS,EOSPAX,2.58450000
409,XLM,XLMPAX,0.04221000
410,REN,RENBTC,0.00000668
411,REN,RENBNB,0.00458500
412,BNB,BNBTUSD,324.00000000
413,XRP,XRPTUSD,0.38020000
414,EOS,EOSTUSD,4.11590000
415,XLM,XLMTUSD,0.06833000
416,BNB,BNBUSDC,324.40000000
417,BTC,BTCUSDC,23908.93000000
418,ETH,ETHUSDC,1765.35000000
419,XRP,XRPUSDC,0.37900000
420,EOS,EOSUSDC,1.25400000
421,XLM,XLMUSDC,0.04970000
422,USDC,USDCUSDT,0.99990000
423,ADA,ADATUSD,0.53070000
424,TRX,TRXTUSD,0.07006000
425,NEO,NEOTUSD,11.81800000
426,TRX,TRXXRP,0.18470000
427,XZC,XZCXRP,20.79200000
428,PAX,PAXTUSD,0.99950000
429,USDC,USDCTUSD,1.00000000
430,USDC,USDCPAX,1.00020000
431,LINK,LINKUSDT,8.70000000
432,LINK,LINKTUSD,28.87000000
433,LINK,LINKPAX,3.98340000
434,LINK,LINKUSDC,8.68000000
435,WAVES,WAVESUSDT,6.16700000
436,WAVES,WAVESTUSD,1.07200000
437,WAVES,WAVESPAX,0.80290000
438,WAVES,WAVESUSDC,1.20360000
439,BCHABC,BCHABCTUSD,220.20000000
440,BCHABC,BCHABCPAX,221.20000000
441,BCHABC,BCHABCUSDC,220.30000000
442,BCHSV,BCHSVTUSD,59.17000000
443,BCHSV,BCHSVPAX,58.18000000
444,BCHSV,BCHSVUSDC,57.50000000
445,LTC,LTCTUSD,150.10000000
446,LTC,LTCPAX,171.13000000
447,LTC,LTCUSDC,62.73000000
448,TRX,TRXPAX,0.07661000
449,TRX,TRXUSDC,0.07004000
450,BTT,BTTBTC,0.00000005
451,BTT,BTTBNB,0.00000573
452,BTT,BTTUSDT,0.00277700
453,BNB,BNBUSDS,22.27880000
454,BTC,BTCUSDS,9604.59000000
455,USDS,USDSUSDT,0.99680000
456,USDS,USDSPAX,1.00020000
457,USDS,USDSTUSD,1.00000000
458,USDS,USDSUSDC,1.00000000
459,BTT,BTTPAX,0.00038660
460,BTT,BTTTUSD,0.00277000
461,BTT,BTTUSDC,0.00277600
462,ONG,ONGBNB,0.00545000
463,ONG,ONGBTC,0.00001857
464,ONG,ONGUSDT,0.44360000
465,HOT,HOTBNB,0.00000862
466,HOT,HOTUSDT,0.00264200
467,ZIL,ZILUSDT,0.04543000
468,ZRX,ZRXBNB,0.01045000
469,ZRX,ZRXUSDT,0.36000000
470,FET,FETBNB,0.00031700
471,FET,FETBTC,0.00000428
472,FET,FETUSDT,0.10210000
473,BAT,BATUSDT,0.43150000
474,XMR,XMRBNB,0.51390000
475,XMR,XMRUSDT,166.40000000
476,ZEC,ZECBNB,0.22250000
477,ZEC,ZECUSDT,72.50000000
478,ZEC,ZECPAX,42.10000000
479,ZEC,ZECTUSD,51.48000000
480,ZEC,ZECUSDC,72.60000000
481,IOST,IOSTUSDT,0.01531000
482,CELR,CELRBNB,0.00007104
483,CELR,CELRBTC,0.00000097
484,CELR,CELRUSDT,0.02299000
485,ADA,ADAPAX,0.03257000
486,ADA,ADAUSDC,0.53150000
487,NEO,NEOPAX,11.12200000
488,NEO,NEOUSDC,28.27000000
489,DASH,DASHBNB,0.16730000
490,DASH,DASHUSDT,54.00000000
491,NANO,NANOUSDT,2.22400000
492,OMG,OMGBNB,0.03938000
493,OMG,OMGUSDT,2.35600000
494,THETA,THETAUSDT,1.61700000
495,ENJ,ENJUSDT,0.69700000
496,MITH,MITHUSDT,0.02948000
497,MATIC,MATICBNB,0.00283200
498,MATIC,MATICBTC,0.00003844
499,MATIC,MATICUSDT,0.91870000
500,ATOM,ATOMBNB,0.03619000
501,ATOM,ATOMBTC,0.00049130
502,ATOM,ATOMUSDT,11.74300000
503,ATOM,ATOMUSDC,11.72400000
504,ATOM,ATOMPAX,3.17800000
505,ATOM,ATOMTUSD,2.59800000
506,ETC,ETCUSDC,4.71000000
507,ETC,ETCPAX,4.83800000
508,ETC,ETCTUSD,3.79500000
509,BAT,BATUSDC,0.63130000
510,BAT,BATPAX,0.25560000
511,BAT,BATTUSD,0.22220000
512,PHB,PHBBNB,0.00013700
513,PHB,PHBBTC,0.00000542
514,PHB,PHBUSDC,0.00587000
515,PHB,PHBTUSD,0.22900000
516,PHB,PHBPAX,0.00639000
517,TFUEL,TFUELBNB,0.00012590
518,TFUEL,TFUELBTC,0.00000271
519,TFUEL,TFUELUSDT,0.06510000
520,TFUEL,TFUELUSDC,0.00356500
521,TFUEL,TFUELTUSD,0.00307700
522,TFUEL,TFUELPAX,0.00348700
523,ONE,ONEBNB,0.00007880
524,ONE,ONEBTC,0.00000107
525,ONE,ONEUSDT,0.02558000
526,ONE,ONETUSD,0.00472000
527,ONE,ONEPAX,0.00496000
528,ONE,ONEUSDC,0.00520000
529,FTM,FTMBNB,0.00116510
530,FTM,FTMBTC,0.00001581
531,FTM,FTMUSDT,0.37800000
532,FTM,FTMTUSD,0.01095000
533,FTM,FTMPAX,0.01028000
534,FTM,FTMUSDC,0.01107000
535,BTCB,BTCBBTC,1.00000000
536,BCPT,BCPTTUSD,0.02606000
537,BCPT,BCPTPAX,0.02761000
538,BCPT,BCPTUSDC,0.02728000
539,ALGO,ALGOBNB,0.00111100
540,ALGO,ALGOBTC,0.00001509
541,ALGO,ALGOUSDT,0.36080000
542,ALGO,ALGOTUSD,1.01700000
543,ALGO,ALGOPAX,0.20390000
544,ALGO,ALGOUSDC,0.23800000
545,USDSB,USDSBUSDT,0.99970000
546,USDSB,USDSBUSDS,0.99990000
547,GTO,GTOUSDT,0.02519000
548,GTO,GTOPAX,0.01361000
549,GTO,GTOTUSD,0.01236000
550,GTO,GTOUSDC,0.01196000
551,ERD,ERDBNB,0.00083273
552,ERD,ERDBTC,0.00000168
553,ERD,ERDUSDT,0.01971000
554,ERD,ERDPAX,0.00125270
555,ERD,ERDUSDC,0.00135730
556,DOGE,DOGEBNB,0.00015270
557,DOGE,DOGEBTC,0.00000292
558,DOGE,DOGEUSDT,0.06971000
559,DOGE,DOGEPAX,0.00216820
560,DOGE,DOGEUSDC,0.00212770
561,DUSK,DUSKBNB,0.00118000
562,DUSK,DUSKBTC,0.00000694
563,DUSK,DUSKUSDT,0.16580000
564,DUSK,DUSKUSDC,0.01790000
565,DUSK,DUSKPAX,0.01890000
566,BGBP,BGBPUSDC,1.39000000
567,ANKR,ANKRBNB,0.00010270
568,ANKR,ANKRBTC,0.00000138
569,ANKR,ANKRUSDT,0.03319000
570,ANKR,ANKRTUSD,0.00212800
571,ANKR,ANKRPAX,0.00209300
572,ANKR,ANKRUSDC,0.00209700
573,ONT,ONTPAX,0.84510000
574,ONT,ONTUSDC,0.57080000
575,WIN,WINBNB,0.00000045
576,WIN,WINBTC,0.00000001
577,WIN,WINUSDT,0.00014360
578,WIN,WINUSDC,0.00014370
579,COS,COSBNB,0.00002477
580,COS,COSBTC,0.00000033
581,COS,COSUSDT,0.00804000
582,TUSDB,TUSDBTUSD,0.99750000
583,NPXS,NPXSUSDT,0.00703010
584,NPXS,NPXSUSDC,0.00017020
585,COCOS,COCOSBNB,0.00245300
586,COCOS,COCOSBTC,0.00000003
587,COCOS,COCOSUSDT,0.79640000
588,MTL,MTLUSDT,1.43100000
589,TOMO,TOMOBNB,0.03255000
590,TOMO,TOMOBTC,0.00002745
591,TOMO,TOMOUSDT,0.65600000
592,TOMO,TOMOUSDC,0.36700000
593,PERL,PERLBNB,0.00007180
594,PERL,PERLBTC,0.00000109
595,PERL,PERLUSDC,0.02447000
596,PERL,PERLUSDT,0.02605000
597,DENT,DENTUSDT,0.00120000
598,MFT,MFTUSDT,0.00476900
599,KEY,KEYUSDT,0.00511800
600,STORM,STORMUSDT,0.00339700
601,DOCK,DOCKUSDT,0.02585000
602,WAN,WANUSDT,0.24830000
603,FUN,FUNUSDT,0.00828000
604,CVC,CVCUSDT,0.16250000
605,BTT,BTTTRX,0.03945000
606,WIN,WINTRX,0.00205000
607,CHZ,CHZBNB,0.00046390
608,CHZ,CHZBTC,0.00000629
609,CHZ,CHZUSDT,0.15050000
610,BAND,BANDBNB,0.02248000
611,BAND,BANDBTC,0.00007810
612,BAND,BANDUSDT,1.86700000
613,BNB,BNBBUSD,324.40000000
614,BTC,BTCBUSD,23910.46000000
615,BUSD,BUSDUSDT,0.99990000
616,BEAM,BEAMBNB,0.02177000
617,BEAM,BEAMBTC,0.00000838
618,BEAM,BEAMUSDT,0.20030000
619,XTZ,XTZBNB,0.00580500
620,XTZ,XTZBTC,0.00007874
621,XTZ,XTZUSDT,1.88200000
622,REN,RENUSDT,0.15990000
623,RVN,RVNUSDT,0.03836000
624,HC,HCUSDT,0.84230000
625,HBAR,HBARBNB,0.00024020
626,HBAR,HBARBTC,0.00000327
627,HBAR,HBARUSDT,0.07810000
628,NKN,NKNBNB,0.00074700
629,NKN,NKNBTC,0.00000489
630,NKN,NKNUSDT,0.11690000
631,XRP,XRPBUSD,0.37930000
632,ETH,ETHBUSD,1765.67000000
633,BCHABC,BCHABCBUSD,220.16000000
634,LTC,LTCBUSD,62.72000000
635,LINK,LINKBUSD,8.69700000
636,ETC,ETCBUSD,37.55000000
637,STX,STXBNB,0.00155000
638,STX,STXBTC,0.00002111
639,STX,STXUSDT,0.50300000
640,KAVA,KAVABNB,0.00668000
641,KAVA,KAVABTC,0.00009130
642,KAVA,KAVAUSDT,2.18200000
643,BUSD,BUSDNGN,462.64000000
644,BNB,BNBNGN,43608.00000000
645,BTC,BTCNGN,25941597.00000000
646,ARPA,ARPABNB,0.00013830
647,ARPA,ARPABTC,0.00000188
648,ARPA,ARPAUSDT,0.04494000
649,TRX,TRXBUSD,0.07006000
650,EOS,EOSBUSD,1.25400000
651,IOTX,IOTXUSDT,0.03706000
652,RLC,RLCUSDT,1.05700000
653,MCO,MCOUSDT,2.74400000
654,XLM,XLMBUSD,0.13590000
655,ADA,ADABUSD,0.53200000
656,CTXC,CTXCBNB,0.00412200
657,CTXC,CTXCBTC,0.00000645
658,CTXC,CTXCUSDT,0.15410000
659,BCH,BCHBNB,0.44300000
660,BCH,BCHBTC,0.00601000
661,BCH,BCHUSDT,143.50000000
662,BCH,BCHUSDC,144.10000000
663,BCH,BCHTUSD,630.00000000
664,BCH,BCHPAX,617.72000000
665,BCH,BCHBUSD,143.50000000
666,BTC,BTCRUB,1473899.00000000
667,ETH,ETHRUB,108717.90000000
668,XRP,XRPRUB,23.37000000
669,BNB,BNBRUB,19959.40000000
670,TROY,TROYBNB,0.00001398
671,TROY,TROYBTC,0.00000018
672,TROY,TROYUSDT,0.00451900
673,BUSD,BUSDRUB,61.65000000
674,QTUM,QTUMBUSD,4.18800000
675,VET,VETBUSD,0.03159000
676,VITE,VITEBNB,0.00070700
677,VITE,VITEBTC,0.00000138
678,VITE,VITEUSDT,0.03279000
679,FTT,FTTBNB,0.09720000
680,FTT,FTTBTC,0.00132240
681,FTT,FTTUSDT,31.59000000
682,BTC,BTCTRY,430009.00000000
683,BNB,BNBTRY,5834.00000000
684,BUSD,BUSDTRY,17.99000000
685,ETH,ETHTRY,31753.00000000
686,XRP,XRPTRY,6.81900000
687,USDT,USDTTRY,17.99300000
688,USDT,USDTRUB,61.67000000
689,BTC,BTCEUR,23460.00000000
690,ETH,ETHEUR,1732.24000000
691,BNB,BNBEUR,318.30000000
692,XRP,XRPEUR,0.37210000
693,EUR,EURBUSD,1.01900000
694,EUR,EURUSDT,1.01880000
695,OGN,OGNBNB,0.00071400
696,OGN,OGNBTC,0.00000963
697,OGN,OGNUSDT,0.22980000
698,DREP,DREPBNB,0.00009380
699,DREP,DREPBTC,0.00002567
700,DREP,DREPUSDT,0.61220000
701,BULL,BULLUSDT,1370.28000000
702,BULL,BULLBUSD,1368.56000000
703,BEAR,BEARUSDT,11.16000000
704,BEAR,BEARBUSD,11.14000000
705,ETHBULL,ETHBULLUSDT,79.18000000
706,ETHBULL,ETHBULLBUSD,78.46000000
707,ETHBEAR,ETHBEARUSDT,12.20000000
708,ETHBEAR,ETHBEARBUSD,12.24000000
709,TCT,TCTBNB,0.00041860
710,TCT,TCTBTC,0.00000062
711,TCT,TCTUSDT,0.01472000
712,WRX,WRXBNB,0.00075100
713,WRX,WRXBTC,0.00001021
714,WRX,WRXUSDT,0.24400000
715,ICX,ICXBUSD,0.33900000
716,BTS,BTSUSDT,0.01329000
717,BTS,BTSBUSD,0.01930000
718,LSK,LSKUSDT,1.22100000
719,BNT,BNTUSDT,0.62100000
720,BNT,BNTBUSD,0.62100000
721,LTO,LTOBNB,0.00248000
722,LTO,LTOBTC,0.00000434
723,LTO,LTOUSDT,0.10350000
724,ATOM,ATOMBUSD,11.74500000
725,DASH,DASHBUSD,54.10000000
726,NEO,NEOBUSD,11.74000000
727,WAVES,WAVESBUSD,6.16700000
728,XTZ,XTZBUSD,1.88100000
729,EOSBULL,EOSBULLUSDT,3.85000000
730,EOSBULL,EOSBULLBUSD,3.90000000
731,EOSBEAR,EOSBEARUSDT,30.21000000
732,EOSBEAR,EOSBEARBUSD,29.81000000
733,XRPBULL,XRPBULLUSDT,8.74000000
734,XRPBULL,XRPBULLBUSD,8.78000000
735,XRPBEAR,XRPBEARUSDT,548.55000000
736,XRPBEAR,XRPBEARBUSD,547.33000000
737,BAT,BATBUSD,0.43170000
738,ENJ,ENJBUSD,0.69700000
739,NANO,NANOBUSD,2.22500000
740,ONT,ONTBUSD,0.28870000
741,RVN,RVNBUSD,0.03833000
742,STRAT,STRATBUSD,0.49150000
743,STRAT,STRATBNB,0.01900000
744,STRAT,STRATUSDT,0.49040000
745,AION,AIONBUSD,0.07210000
746,AION,AIONUSDT,0.04303000
747,MBL,MBLBNB,0.00001202
748,MBL,MBLBTC,0.00000005
749,MBL,MBLUSDT,0.00469400
750,COTI,COTIBNB,0.00037280
751,COTI,COTIBTC,0.00000505
752,COTI,COTIUSDT,0.12040000
753,ALGO,ALGOBUSD,0.36070000
754,BTT,BTTBUSD,0.00277800
755,TOMO,TOMOBUSD,0.65700000
756,XMR,XMRBUSD,166.50000000
757,ZEC,ZECBUSD,72.50000000
758,BNBBULL,BNBBULLUSDT,57.21000000
759,BNBBULL,BNBBULLBUSD,58.37000000
760,BNBBEAR,BNBBEARUSDT,58.61000000
761,BNBBEAR,BNBBEARBUSD,57.21000000
762,STPT,STPTBNB,0.00067000
763,STPT,STPTBTC,0.00000208
764,STPT,STPTUSDT,0.04952000
765,BTC,BTCZAR,857014.00000000
766,ETH,ETHZAR,27850.40000000
767,BNB,BNBZAR,5000.00000000
768,USDT,USDTZAR,14.02300000
769,BUSD,BUSDZAR,13.88800000
770,BTC,BTCBKRW,42029197.00000000
771,ETH,ETHBKRW,1277799.00000000
772,BNB,BNBBKRW,44687.00000000
773,WTC,WTCUSDT,0.29790000
774,DATA,DATABUSD,0.03970000
775,DATA,DATAUSDT,0.03970000
776,XZC,XZCUSDT,4.44600000
777,SOL,SOLBNB,0.13010000
778,SOL,SOLBTC,0.00176540
779,SOL,SOLUSDT,42.20000000
780,SOL,SOLBUSD,42.20000000
781,BTC,BTCIDRT,693891182.00
782,BNB,BNBIDRT,4286985.00
783,USDT,USDTIDRT,14882.00
784,BUSD,BUSDIDRT,14389.00
785,CTSI,CTSIBTC,0.00000737
786,CTSI,CTSIUSDT,0.17660000
787,CTSI,CTSIBNB,0.00054400
788,CTSI,CTSIBUSD,0.17640000
789,HIVE,HIVEBNB,0.00429000
790,HIVE,HIVEBTC,0.00002495
791,HIVE,HIVEUSDT,0.59500000
792,CHR,CHRBNB,0.00069260
793,CHR,CHRBTC,0.00000940
794,CHR,CHRUSDT,0.22460000
795,BTCUP,BTCUPUSDT,6.25900000
796,BTCDOWN,BTCDOWNUSDT,0.02283200
797,GXS,GXSUSDT,1.79230000
798,ARDR,ARDRUSDT,0.11410000
799,ERD,ERDBUSD,0.01966100
800,LEND,LENDUSDT,0.51431000
801,HBAR,HBARBUSD,0.07810000
802,MATIC,MATICBUSD,0.91900000
803,WRX,WRXBUSD,0.24400000
804,ZIL,ZILBUSD,0.04546000
805,MDT,MDTBNB,0.00073720
806,MDT,MDTBTC,0.00000139
807,MDT,MDTUSDT,0.03304000
808,STMX,STMXBTC,0.00000037
809,STMX,STMXETH,0.00000507
810,STMX,STMXUSDT,0.00907000
811,KNC,KNCBUSD,1.58500000
812,KNC,KNCUSDT,1.58300000
813,REP,REPBUSD,13.67300000
814,REP,REPUSDT,8.94000000
815,LRC,LRCBUSD,0.47770000
816,LRC,LRCUSDT,0.47800000
817,IQ,IQBNB,0.00002243
818,IQ,IQBUSD,0.00604000
819,PNT,PNTBTC,0.00001425
820,PNT,PNTUSDT,0.34100000
821,BTC,BTCGBP,19804.02000000
822,ETH,ETHGBP,1461.65000000
823,XRP,XRPGBP,0.31390000
824,BNB,BNBGBP,268.40000000
825,GBP,GBPBUSD,1.20700000
826,DGB,DGBBTC,0.00000051
827,DGB,DGBBUSD,0.01238000
828,BTC,BTCUAH,935781.00000000
829,USDT,USDTUAH,39.16000000
830,COMP,COMPBTC,0.00262500
831,COMP,COMPBNB,5.71900000
832,COMP,COMPBUSD,62.65000000
833,COMP,COMPUSDT,62.67000000
834,BTC,BTCBIDR,355315595.00
835,ETH,ETHBIDR,26236542.00
836,BNB,BNBBIDR,4817742.00
837,BUSD,BUSDBIDR,14862.00
838,USDT,USDTBIDR,14864.00
839,BKRW,BKRWUSDT,0.00084530
840,BKRW,BKRWBUSD,0.00084550
841,SC,SCUSDT,0.00472000
842,ZEN,ZENUSDT,18.97000000
843,SXP,SXPBTC,0.00001975
844,SXP,SXPBNB,0.00145500
845,SXP,SXPBUSD,0.47100000
846,SNX,SNXBTC,0.00017120
847,SNX,SNXBNB,0.01261000
848,SNX,SNXBUSD,4.09000000
849,SNX,SNXUSDT,4.08900000
850,ETHUP,ETHUPUSDT,4.92700000
851,ETHDOWN,ETHDOWNUSDT,0.79810000
852,ADAUP,ADAUPUSDT,1.21900000
853,ADADOWN,ADADOWNUSDT,0.00364000
854,LINKUP,LINKUPUSDT,0.01710000
855,LINKDOWN,LINKDOWNUSDT,0.00616100
856,VTHO,VTHOBNB,0.00000673
857,VTHO,VTHOBUSD,0.00071800
858,VTHO,VTHOUSDT,0.00212700
859,DCR,DCRBUSD,16.03500000
860,DGB,DGBUSDT,0.01237000
861,GBP,GBPUSDT,1.20700000
862,STORJ,STORJBUSD,0.69700000
863,SXP,SXPUSDT,0.47200000
864,IRIS,IRISBNB,0.00166200
865,IRIS,IRISBTC,0.00000113
866,IRIS,IRISBUSD,0.06080000
867,MKR,MKRBNB,6.90300000
868,MKR,MKRBTC,0.04797000
869,MKR,MKRUSDT,1149.00000000
870,MKR,MKRBUSD,1149.00000000
871,DAI,DAIBNB,0.04876000
872,DAI,DAIBTC,0.00008966
873,DAI,DAIUSDT,1.01890000
874,DAI,DAIBUSD,1.01810000
875,RUNE,RUNEBNB,0.00902000
876,RUNE,RUNEBTC,0.00012260
877,RUNE,RUNEBUSD,2.93100000
878,MANA,MANABUSD,1.07530000
879,DOGE,DOGEBUSD,0.06972000
880,LEND,LENDBUSD,0.51530000
881,ZRX,ZRXBUSD,0.36030000
882,DCR,DCRUSDT,37.60000000
883,STORJ,STORJUSDT,0.69800000
884,XRP,XRPBKRW,319.76000000
885,ADA,ADABKRW,327.55000000
886,BTC,BTCAUD,34241.20000000
887,ETH,ETHAUD,2528.02000000
888,AUD,AUDBUSD,0.69840000
889,FIO,FIOBNB,0.00017080
890,FIO,FIOBTC,0.00000232
891,FIO,FIOBUSD,0.05550000
892,BNBUP,BNBUPUSDT,43.36000000
893,BNBDOWN,BNBDOWNUSDT,0.03165000
894,XTZUP,XTZUPUSDT,0.00255100
895,XTZDOWN,XTZDOWNUSDT,2.60010000
896,AVA,AVABNB,0.00218800
897,AVA,AVABTC,0.00003846
898,AVA,AVABUSD,0.91800000
899,USDT,USDTBKRW,1125.00000000
900,BUSD,BUSDBKRW,1097.18000000
901,IOTA,IOTABUSD,0.34820000
902,MANA,MANAUSDT,1.07560000
903,XRP,XRPAUD,0.54320000
904,BNB,BNBAUD,463.80000000
905,AUD,AUDUSDT,0.69810000
906,BAL,BALBNB,0.42580000
907,BAL,BALBTC,0.00026330
908,BAL,BALBUSD,6.28000000
909,YFI,YFIBNB,82.19000000
910,YFI,YFIBTC,0.48030000
911,YFI,YFIBUSD,11467.06000000
912,YFI,YFIUSDT,11481.97000000
913,BLZ,BLZBUSD,0.10540000
914,KMD,KMDBUSD,0.46760000
915,BAL,BALUSDT,6.29000000
916,BLZ,BLZUSDT,0.10530000
917,IRIS,IRISUSDT,0.02679000
918,KMD,KMDUSDT,0.31890000
919,BTC,BTCDAI,23884.19000000
920,ETH,ETHDAI,1764.43000000
921,BNB,BNBDAI,323.80000000
922,USDT,USDTDAI,1.00040000
923,BUSD,BUSDDAI,1.00010000
924,JST,JSTBNB,0.00021850
925,JST,JSTBTC,0.00000138
926,JST,JSTBUSD,0.03279000
927,JST,JSTUSDT,0.03285000
928,SRM,SRMBNB,0.00314000
929,SRM,SRMBTC,0.00004270
930,SRM,SRMBUSD,1.01900000
931,SRM,SRMUSDT,1.01800000
932,ANT,ANTBNB,0.00644000
933,ANT,ANTBTC,0.00008732
934,ANT,ANTBUSD,2.08500000
935,ANT,ANTUSDT,2.08700000
936,CRV,CRVBNB,0.00687000
937,CRV,CRVBTC,0.00005951
938,CRV,CRVBUSD,1.42100000
939,CRV,CRVUSDT,1.42200000
940,SAND,SANDBNB,0.00414100
941,SAND,SANDBTC,0.00005617
942,SAND,SANDUSDT,1.34280000
943,SAND,SANDBUSD,1.34300000
944,OCEAN,OCEANBNB,0.00065400
945,OCEAN,OCEANBTC,0.00000889
946,OCEAN,OCEANBUSD,0.21230000
947,OCEAN,OCEANUSDT,0.21240000
948,NMR,NMRBTC,0.00090400
949,NMR,NMRBUSD,21.60000000
950,NMR,NMRUSDT,21.61000000
951,DOT,DOTBNB,0.02822000
952,DOT,DOTBTC,0.00038300
953,DOT,DOTBUSD,9.16000000
954,DOT,DOTUSDT,9.16000000
955,LUNA,LUNABNB,0.00000019
956,LUNA,LUNABTC,0.00000001
957,LUNA,LUNABUSD,2.11130000
958,LUNA,LUNAUSDT,2.11130000
959,IDEX,IDEXBTC,0.00000334
960,IDEX,IDEXBUSD,0.07991000
961,RSR,RSRBNB,0.00002390
962,RSR,RSRBTC,0.00000016
963,RSR,RSRBUSD,0.00775000
964,RSR,RSRUSDT,0.00777000
965,PAXG,PAXGBNB,5.47700000
966,PAXG,PAXGBTC,0.07451000
967,PAXG,PAXGBUSD,1779.00000000
968,PAXG,PAXGUSDT,1779.00000000
969,WNXM,WNXMBNB,0.17350000
970,WNXM,WNXMBTC,0.00067200
971,WNXM,WNXMBUSD,22.16500000
972,WNXM,WNXMUSDT,19.27000000
973,TRB,TRBBNB,0.51700000
974,TRB,TRBBTC,0.00136400
975,TRB,TRBBUSD,32.72000000
976,TRB,TRBUSDT,32.69000000
977,ETH,ETHNGN,805670.00000000
978,DOT,DOTBIDR,135784.00
979,LINK,LINKAUD,12.43200000
980,SXP,SXPAUD,1.86800000
981,BZRX,BZRXBNB,0.00514000
982,BZRX,BZRXBTC,0.00000463
983,BZRX,BZRXBUSD,0.21640000
984,BZRX,BZRXUSDT,0.21560000
985,WBTC,WBTCBTC,1.00050000
986,WBTC,WBTCETH,13.54000000
987,SUSHI,SUSHIBNB,0.00481000
988,SUSHI,SUSHIBTC,0.00006520
989,SUSHI,SUSHIBUSD,1.55800000
990,SUSHI,SUSHIUSDT,1.55900000
991,YFII,YFIIBNB,4.42000000
992,YFII,YFIIBTC,0.07407000
993,YFII,YFIIBUSD,1192.00000000
994,YFII,YFIIUSDT,1768.00000000
995,KSM,KSMBNB,0.19970000
996,KSM,KSMBTC,0.00272800
997,KSM,KSMBUSD,64.90000000
998,KSM,KSMUSDT,65.20000000
999,EGLD,EGLDBNB,0.20040000
1000,EGLD,EGLDBTC,0.00271900
1001,EGLD,EGLDBUSD,65.01000000
1002,EGLD,EGLDUSDT,65.02000000
1003,DIA,DIABNB,0.00381300
1004,DIA,DIABTC,0.00001997
1005,DIA,DIABUSD,0.47800000
1006,DIA,DIAUSDT,0.47700000
1007,RUNE,RUNEUSDT,2.93000000
1008,FIO,FIOUSDT,0.05530000
1009,UMA,UMABTC,0.00012780
1010,UMA,UMAUSDT,3.06000000
1011,EOSUP,EOSUPUSDT,0.21130000
1012,EOSDOWN,EOSDOWNUSDT,0.00036650
1013,TRXUP,TRXUPUSDT,0.07054000
1014,TRXDOWN,TRXDOWNUSDT,1.03200000
1015,XRPUP,XRPUPUSDT,0.14470000
1016,XRPDOWN,XRPDOWNUSDT,0.00071490
1017,DOTUP,DOTUPUSDT,0.33020000
1018,DOTDOWN,DOTDOWNUSDT,9.15000000
1019,SRM,SRMBIDR,26748.00
1020,ONE,ONEBIDR,119.92
1021,LINK,LINKTRY,156.50000000
1022,USDT,USDTNGN,679.40000000
1023,BEL,BELBNB,0.00272500
1024,BEL,BELBTC,0.00003700
1025,BEL,BELBUSD,0.88200000
1026,BEL,BELUSDT,0.88400000
1027,WING,WINGBNB,0.04865000
1028,WING,WINGBTC,0.00064590
1029,SWRV,SWRVBNB,0.00150400
1030,SWRV,SWRVBUSD,0.56490000
1031,WING,WINGBUSD,15.45000000
1032,WING,WINGUSDT,15.45000000
1033,LTCUP,LTCUPUSDT,0.48010000
1034,LTCDOWN,LTCDOWNUSDT,2.22790000
1035,LEND,LENDBKRW,579.46000000
1036,SXP,SXPEUR,0.46900000
1037,CREAM,CREAMBNB,0.07230000
1038,CREAM,CREAMBUSD,21.81000000
1039,UNI,UNIBNB,0.02726000
1040,UNI,UNIBTC,0.00036980
1041,UNI,UNIBUSD,8.84000000
1042,UNI,UNIUSDT,8.84000000
1043,NBS,NBSBTC,0.00000031
1044,NBS,NBSUSDT,0.00549000
1045,OXT,OXTBTC,0.00000528
1046,OXT,OXTUSDT,0.12570000
1047,SUN,SUNBTC,0.00071100
1048,SUN,SUNUSDT,0.00662000
1049,AVAX,AVAXBNB,0.08932000
1050,AVAX,AVAXBTC,0.00121180
1051,AVAX,AVAXBUSD,28.97000000
1052,AVAX,AVAXUSDT,28.96000000
1053,HNT,HNTBTC,0.00037870
1054,HNT,HNTUSDT,9.04000000
1055,BAKE,BAKEBNB,0.00111200
1056,BURGER,BURGERBNB,0.00492000
1057,SXP,SXPBIDR,19956.00
1058,LINK,LINKBKRW,16948.99000000
1059,FLM,FLMBNB,0.00333000
1060,FLM,FLMBTC,0.00000879
1061,FLM,FLMBUSD,0.23210000
1062,FLM,FLMUSDT,0.21000000
1063,SCRT,SCRTBTC,0.00005515
1064,SCRT,SCRTETH,0.00074490
1065,CAKE,CAKEBNB,0.01373000
1066,CAKE,CAKEBUSD,4.45200000
1067,SPARTA,SPARTABNB,0.00009180
1068,UNIUP,UNIUPUSDT,1.05500000
1069,UNIDOWN,UNIDOWNUSDT,2.17200000
1070,ORN,ORNBTC,0.00006390
1071,ORN,ORNUSDT,1.52200000
1072,TRX,TRXNGN,20.71000000
1073,SXP,SXPTRY,8.48000000
1074,UTK,UTKBTC,0.00000626
1075,UTK,UTKUSDT,0.14970000
1076,XVS,XVSBNB,0.02135000
1077,XVS,XVSBTC,0.00029120
1078,XVS,XVSBUSD,6.96000000
1079,XVS,XVSUSDT,6.96000000
1080,ALPHA,ALPHABNB,0.00053900
1081,ALPHA,ALPHABTC,0.00000731
1082,ALPHA,ALPHABUSD,0.17460000
1083,ALPHA,ALPHAUSDT,0.17500000
1084,VIDT,VIDTBTC,0.00001487
1085,VIDT,VIDTBUSD,0.35560000
1086,AAVE,AAVEBNB,0.31540000
1087,BTC,BTCBRL,123027.00000000
1088,USDT,USDTBRL,5.14600000
1089,AAVE,AAVEBTC,0.00428400
1090,AAVE,AAVEETH,0.05790000
1091,AAVE,AAVEBUSD,102.30000000
1092,AAVE,AAVEUSDT,102.40000000
1093,AAVE,AAVEBKRW,164167.00000000
1094,NEAR,NEARBNB,0.01692200
1095,NEAR,NEARBTC,0.00022976
1096,NEAR,NEARBUSD,5.49400000
1097,NEAR,NEARUSDT,5.49300000
1098,SXPUP,SXPUPUSDT,0.17426000
1099,SXPDOWN,SXPDOWNUSDT,0.08950000
1100,DOT,DOTBKRW,13514.98000000
1101,SXP,SXPGBP,0.40800000
1102,FIL,FILBNB,0.02720000
1103,FIL,FILBTC,0.00037200
1104,FIL,FILBUSD,8.88000000
1105,FIL,FILUSDT,8.87000000
1106,FILUP,FILUPUSDT,0.15150000
1107,FILDOWN,FILDOWNUSDT,0.00076660
1108,YFIUP,YFIUPUSDT,0.11690000
1109,YFIDOWN,YFIDOWNUSDT,0.90090000
1110,INJ,INJBNB,0.00489000
1111,INJ,INJBTC,0.00006650
1112,INJ,INJBUSD,1.58600000
1113,INJ,INJUSDT,1.58700000
1114,AERGO,AERGOBTC,0.00000593
1115,AERGO,AERGOBUSD,0.14230000
1116,LINK,LINKEUR,8.53900000
1117,ONE,ONEBUSD,0.02558000
1118,EASY,EASYETH,0.00623000
1119,AUDIO,AUDIOBTC,0.00001576
1120,AUDIO,AUDIOBUSD,0.37600000
1121,AUDIO,AUDIOUSDT,0.37600000
1122,CTK,CTKBNB,0.00337100
1123,CTK,CTKBTC,0.00004576
1124,CTK,CTKBUSD,1.09300000
1125,CTK,CTKUSDT,1.09400000
1126,BCHUP,BCHUPUSDT,0.07240000
1127,BCHDOWN,BCHDOWNUSDT,0.22470000
1128,BOT,BOTBTC,0.04906000
1129,BOT,BOTBUSD,2783.23000000
1130,ETH,ETHBRL,9082.25000000
1131,DOT,DOTEUR,8.98000000
1132,AKRO,AKROBTC,0.00000013
1133,AKRO,AKROUSDT,0.00515000
1134,KP3R,KP3RBNB,0.49980000
1135,KP3R,KP3RBUSD,161.57000000
1136,AXS,AXSBNB,0.05740000
1137,AXS,AXSBTC,0.00077900
1138,AXS,AXSBUSD,18.62000000
1139,AXS,AXSUSDT,18.62000000
1140,HARD,HARDBNB,0.00084100
1141,HARD,HARDBTC,0.00001140
1142,HARD,HARDBUSD,0.27250000
1143,HARD,HARDUSDT,0.27230000
1144,BNB,BNBBRL,1669.00000000
1145,LTC,LTCEUR,61.53000000
1146,RENBTC,RENBTCBTC,0.99310000
1147,RENBTC,RENBTCETH,16.29900000
1148,DNT,DNTBUSD,0.05450000
1149,DNT,DNTUSDT,0.05440000
1150,SLP,SLPETH,0.00000280
1151,ADA,ADAEUR,0.52220000
1152,LTC,LTCNGN,78132.00000000
1153,CVP,CVPETH,0.00025450
1154,CVP,CVPBUSD,0.44920000
1155,STRAX,STRAXBTC,0.00003090
1156,STRAX,STRAXETH,0.00041840
1157,STRAX,STRAXBUSD,0.73800000
1158,STRAX,STRAXUSDT,0.73800000
1159,FOR,FORBTC,0.00000105
1160,FOR,FORBUSD,0.02486000
1161,UNFI,UNFIBNB,0.02654000
1162,UNFI,UNFIBTC,0.00037570
1163,UNFI,UNFIBUSD,9.02400000
1164,UNFI,UNFIUSDT,9.02000000
1165,FRONT,FRONTETH,0.00033040
1166,FRONT,FRONTBUSD,0.28020000
1167,BCHA,BCHABUSD,43.64100000
1168,ROSE,ROSEBTC,0.00000441
1169,ROSE,ROSEBUSD,0.10528000
1170,ROSE,ROSEUSDT,0.10530000
1171,AVAX,AVAXTRY,521.20000000
1172,BUSD,BUSDBRL,5.14500000
1173,AVA,AVAUSDT,0.91600000
1174,SYS,SYSBUSD,0.19040000
1175,XEM,XEMUSDT,0.05210000
1176,HEGIC,HEGICETH,0.00001647
1177,HEGIC,HEGICBUSD,0.02120000
1178,AAVEUP,AAVEUPUSDT,0.60080000
1179,AAVEDOWN,AAVEDOWNUSDT,0.00467300
1180,PROM,PROMBNB,0.02234000
1181,PROM,PROMBUSD,7.25000000
1182,XRP,XRPBRL,1.95000000
1183,XRP,XRPNGN,214.17000000
1184,SKL,SKLBTC,0.00000278
1185,SKL,SKLBUSD,0.06620000
1186,SKL,SKLUSDT,0.06640000
1187,BCH,BCHEUR,140.80000000
1188,YFI,YFIEUR,11230.35000000
1189,ZIL,ZILBIDR,674.00
1190,SUSD,SUSDBTC,0.00002065
1191,SUSD,SUSDETH,0.00052700
1192,SUSD,SUSDUSDT,0.99600000
1193,COVER,COVERETH,0.06373000
1194,COVER,COVERBUSD,193.60000000
1195,GLM,GLMBTC,0.00001135
1196,GLM,GLMETH,0.00015400
1197,GHST,GHSTETH,0.00075340
1198,GHST,GHSTBUSD,1.33600000
1199,SUSHIUP,SUSHIUPUSDT,0.00471400
1200,SUSHIDOWN,SUSHIDOWNUSDT,37.37000000
1201,XLMUP,XLMUPUSDT,0.02430000
1202,XLMDOWN,XLMDOWNUSDT,4.30400000
1203,LINK,LINKBRL,44.57000000
1204,LINK,LINKNGN,11772.00000000
1205,LTC,LTCRUB,3860.10000000
1206,TRX,TRXTRY,1.26010000
1207,XLM,XLMEUR,0.13310000
1208,DF,DFETH,0.00007020
1209,DF,DFBUSD,0.04610000
1210,GRT,GRTBTC,0.00000626
1211,GRT,GRTETH,0.00008460
1212,GRT,GRTUSDT,0.14960000
1213,JUV,JUVBTC,0.00023500
1214,JUV,JUVBUSD,5.60000000
1215,JUV,JUVUSDT,5.62000000
1216,PSG,PSGBTC,0.00036960
1217,PSG,PSGBUSD,8.82000000
1218,PSG,PSGUSDT,8.83000000
1219,BUSD,BUSDBVND,23720.00
1220,USDT,USDTBVND,23710.00
1221,1INCH,1INCHBTC,0.00003501
1222,1INCH,1INCHUSDT,0.83700000
1223,REEF,REEFBTC,0.00000014
1224,REEF,REEFUSDT,0.00462000
1225,OG,OGBTC,0.00025420
1226,OG,OGUSDT,6.08000000
1227,ATM,ATMBTC,0.00020930
1228,ATM,ATMUSDT,5.01000000
1229,ASR,ASRBTC,0.00017430
1230,ASR,ASRUSDT,4.15100000
1231,CELO,CELOBTC,0.00004717
1232,CELO,CELOUSDT,1.12700000
1233,RIF,RIFBTC,0.00000330
1234,RIF,RIFUSDT,0.07880000
1235,CHZ,CHZTRY,2.70300000
1236,XLM,XLMTRY,2.44500000
1237,LINK,LINKGBP,7.20000000
1238,GRT,GRTEUR,0.14680000
1239,BTCST,BTCSTBTC,0.00084120
1240,BTCST,BTCSTBUSD,20.03000000
1241,BTCST,BTCSTUSDT,20.02000000
1242,TRU,TRUBTC,0.00000361
1243,TRU,TRUBUSD,0.53570000
1244,TRU,TRUUSDT,0.08650000
1245,DEXE,DEXEETH,0.00227900
1246,DEXE,DEXEBUSD,4.02200000
1247,EOS,EOSEUR,1.22800000
1248,LTC,LTCBRL,321.90000000
1249,USDC,USDCBUSD,1.00000000
1250,TUSD,TUSDBUSD,1.00000000
1251,PAX,PAXBUSD,1.00000000
1252,CKB,CKBBTC,0.00000015
1253,CKB,CKBBUSD,0.00483000
1254,CKB,CKBUSDT,0.00482000
1255,TWT,TWTBTC,0.00004867
1256,TWT,TWTBUSD,1.16460000
1257,TWT,TWTUSDT,1.16310000
1258,FIRO,FIROBTC,0.00011940
1259,FIRO,FIROETH,0.00133300
1260,FIRO,FIROUSDT,2.84900000
1261,BETH,BETHETH,0.96860000
1262,DOGE,DOGEEUR,0.06838000
1263,DOGE,DOGETRY,1.25400000
1264,DOGE,DOGEAUD,0.09951000
1265,DOGE,DOGEBRL,0.35810000
1266,DOT,DOTNGN,10716.00000000
1267,PROS,PROSETH,0.00026130
1268,LIT,LITBTC,0.00004235
1269,LIT,LITBUSD,1.01300000
1270,LIT,LITUSDT,1.01300000
1271,BTCVAI,BTCVAI,56876.40000000
1272,BUSDVAI,BUSDVAI,1.05800000
1273,SFP,SFPBTC,0.00001827
1274,SFP,SFPBUSD,0.43680000
1275,SFP,SFPUSDT,0.43660000
1276,DOGE,DOGEGBP,0.05757000
1277,DOT,DOTTRY,164.60000000
1278,FXS,FXSBTC,0.00031800
1279,FXS,FXSBUSD,7.59100000
1280,DODO,DODOBTC,0.00000765
1281,DODO,DODOBUSD,0.18280000
1282,DODO,DODOUSDT,0.18260000
1283,FRONT,FRONTBTC,0.00001172
1284,EASY,EASYBTC,0.00029250
1285,CAKE,CAKEBTC,0.00018650
1286,CAKE,CAKEUSDT,4.45600000
1287,BAKE,BAKEBUSD,0.36000000
1288,UFT,UFTETH,0.00013580
1289,UFT,UFTBUSD,0.24120000
1290,1INCH,1INCHBUSD,0.83600000
1291,BAND,BANDBUSD,1.86800000
1292,GRT,GRTBUSD,0.14960000
1293,IOST,IOSTBUSD,0.01532000
1294,OMG,OMGBUSD,2.35600000
1295,REEF,REEFBUSD,0.00462000
1296,ACM,ACMBTC,0.00017110
1297,ACM,ACMBUSD,4.08400000
1298,ACM,ACMUSDT,4.08400000
1299,AUCTION,AUCTIONBTC,0.00042510
1300,AUCTION,AUCTIONBUSD,10.19000000
1301,PHA,PHABTC,0.00000545
1302,PHA,PHABUSD,0.13020000
1303,DOT,DOTGBP,7.57000000
1304,ADA,ADATRY,9.56000000
1305,ADA,ADABRL,2.73800000
1306,ADA,ADAGBP,0.44040000
1307,TVK,TVKBTC,0.00000242
1308,TVK,TVKBUSD,0.05770000
1309,BADGER,BADGERBTC,0.00020380
1310,BADGER,BADGERBUSD,4.84000000
1311,BADGER,BADGERUSDT,4.84000000
1312,FIS,FISBTC,0.00001821
1313,FIS,FISBUSD,0.43630000
1314,FIS,FISUSDT,0.43690000
1315,DOT,DOTBRL,47.11000000
1316,ADA,ADAAUD,0.76160000
1317,HOT,HOTTRY,0.04748000
1318,EGLD,EGLDEUR,63.77000000
1319,OM,OMBTC,0.00000234
1320,OM,OMBUSD,0.05590000
1321,OM,OMUSDT,0.05590000
1322,POND,PONDBTC,0.00000059
1323,POND,PONDBUSD,0.01400000
1324,POND,PONDUSDT,0.01399000
1325,DEGO,DEGOBTC,0.00010253
1326,DEGO,DEGOBUSD,2.44900000
1327,DEGO,DEGOUSDT,2.44600000
1328,AVAX,AVAXEUR,28.39000000
1329,BTT,BTTTRY,0.03783000
1330,CHZ,CHZBRL,0.77300000
1331,UNI,UNIEUR,8.66000000
1332,ALICE,ALICEBTC,0.00011850
1333,ALICE,ALICEBUSD,2.83300000
1334,ALICE,ALICEUSDT,2.83500000
1335,CHZ,CHZBUSD,0.15050000
1336,CHZ,CHZEUR,0.14760000
1337,CHZ,CHZGBP,0.12430000
1338,BIFI,BIFIBNB,2.77700000
1339,BIFI,BIFIBUSD,482.40000000
1340,LINA,LINABTC,0.00000046
1341,LINA,LINABUSD,0.01093000
1342,LINA,LINAUSDT,0.01094000
1343,ADA,ADARUB,32.76000000
1344,ENJ,ENJBRL,3.59000000
1345,ENJ,ENJEUR,0.68500000
1346,MATIC,MATICEUR,0.90220000
1347,NEO,NEOTRY,211.30000000
1348,PERP,PERPBTC,0.00004584
1349,PERP,PERPBUSD,1.09500000
1350,PERP,PERPUSDT,1.09600000
1351,RAMP,RAMPBTC,0.00000273
1352,RAMP,RAMPBUSD,0.05210000
1353,RAMP,RAMPUSDT,0.05240000
1354,SUPER,SUPERBTC,0.00000730
1355,SUPER,SUPERBUSD,0.17460000
1356,SUPER,SUPERUSDT,0.17490000
1357,CFX,CFXBTC,0.00000248
1358,CFX,CFXBUSD,0.05930000
1359,CFX,CFXUSDT,0.05920000
1360,ENJ,ENJGBP,0.57980000
1361,EOS,EOSTRY,22.56000000
1362,LTC,LTCGBP,51.81000000
1363,LUNA,LUNAEUR,0.00006000
1364,RVN,RVNTRY,0.69070000
1365,THETA,THETAEUR,1.58100000
1366,XVG,XVGBUSD,0.00382000
1367,EPS,EPSBTC,0.00000499
1368,EPS,EPSBUSD,0.16790000
1369,EPS,EPSUSDT,0.16790000
1370,AUTO,AUTOBTC,0.01504000
1371,AUTO,AUTOBUSD,359.60000000
1372,AUTO,AUTOUSDT,359.90000000
1373,TKO,TKOBTC,0.00001406
1374,TKO,TKOBIDR,4990.00
1375,TKO,TKOBUSD,0.33600000
1376,TKO,TKOUSDT,0.33600000
1377,PUNDIX,PUNDIXETH,0.00035830
1378,PUNDIX,PUNDIXUSDT,0.63000000
1379,BTT,BTTBRL,0.01553000
1380,BTT,BTTEUR,0.00243600
1381,HOT,HOTEUR,0.00258800
1382,WIN,WINEUR,0.00014090
1383,TLM,TLMBTC,0.00000136
1384,TLM,TLMBUSD,0.03244000
1385,TLM,TLMUSDT,0.03242000
1386,1INCHUP,1INCHUPUSDT,0.06570300
1387,1INCHDOWN,1INCHDOWNUSDT,0.00614800
1388,BTG,BTGBUSD,29.19000000
1389,BTG,BTGUSDT,29.20000000
1390,HOT,HOTBUSD,0.00263500
1391,BNB,BNBUAH,12688.00000000
1392,ONT,ONTTRY,5.18700000
1393,VET,VETEUR,0.03094000
1394,VET,VETGBP,0.02604000
1395,WIN,WINBRL,0.00074000
1396,MIR,MIRBTC,0.00000995
1397,MIR,MIRBUSD,0.23831000
1398,MIR,MIRUSDT,0.23831000
1399,BAR,BARBTC,0.00023760
1400,BAR,BARBUSD,5.69000000
1401,BAR,BARUSDT,5.69000000
1402,FORTH,FORTHBTC,0.00023640
1403,FORTH,FORTHBUSD,5.65000000
1404,FORTH,FORTHUSDT,5.64000000
1405,CAKE,CAKEGBP,3.69900000
1406,DOGE,DOGERUB,4.29300000
1407,HOT,HOTBRL,0.03750000
1408,WRX,WRXEUR,0.57460000
1409,EZ,EZBTC,0.00002102
1410,EZ,EZETH,0.00029000
1411,BAKE,BAKEUSDT,0.36100000
1412,BURGER,BURGERBUSD,1.59100000
1413,BURGER,BURGERUSDT,1.59100000
1414,SLP,SLPBUSD,0.00494000
1415,SLP,SLPUSDT,0.00494000
1416,TRX,TRXAUD,0.09810000
1417,TRX,TRXEUR,0.06873000
1418,VET,VETTRY,0.56730000
1419,SHIB,SHIBUSDT,0.00001230
1420,SHIB,SHIBBUSD,0.00001229
1421,ICP,ICPBTC,0.00034800
1422,ICP,ICPBNB,0.02560000
1423,ICP,ICPBUSD,8.33000000
1424,ICP,ICPUSDT,8.33000000
1425,SHIB,SHIBEUR,0.00001206
1426,SHIB,SHIBRUB,0.00057730
1427,ETC,ETCEUR,36.78000000
1428,ETC,ETCBRL,202.40000000
1429,DOGE,DOGEBIDR,1037.00
1430,AR,ARBTC,0.00062420
1431,AR,ARBNB,0.04604000
1432,AR,ARBUSD,14.93000000
1433,AR,ARUSDT,14.95000000
1434,POLS,POLSBTC,0.00002758
1435,POLS,POLSBNB,0.00203500
1436,POLS,POLSBUSD,0.65700000
1437,POLS,POLSUSDT,0.65900000
1438,MDX,MDXBTC,0.00000411
1439,MDX,MDXBNB,0.00061900
1440,MDX,MDXBUSD,0.09810000
1441,MDX,MDXUSDT,0.09810000
1442,MASK,MASKBNB,0.00563000
1443,MASK,MASKBUSD,1.81400000
1444,MASK,MASKUSDT,1.81700000
1445,LPT,LPTBTC,0.00048160
1446,LPT,LPTBNB,0.03562000
1447,LPT,LPTBUSD,11.53000000
1448,LPT,LPTUSDT,11.53000000
1449,ETH,ETHUAH,69110.00000000
1450,MATIC,MATICBRL,4.72200000
1451,SOL,SOLEUR,41.40000000
1452,SHIB,SHIBBRL,0.00006320
1453,AGIX,AGIXBTC,0.00000209
1454,ICP,ICPEUR,8.17000000
1455,MATIC,MATICGBP,0.75920000
1456,SHIB,SHIBTRY,0.00022126
1457,MATIC,MATICBIDR,13647.00
1458,MATIC,MATICRUB,56.40000000
1459,NU,NUBTC,0.00001240
1460,NU,NUBNB,0.00126770
1461,NU,NUBUSD,0.54530000
1462,NU,NUUSDT,0.54360000
1463,XVG,XVGUSDT,0.00382000
1464,RLC,RLCBUSD,1.78300000
1465,CELR,CELRBUSD,0.02298000
1466,ATM,ATMBUSD,5.00000000
1467,ZEN,ZENBUSD,18.95000000
1468,FTM,FTMBUSD,0.37810000
1469,THETA,THETABUSD,1.61800000
1470,WIN,WINBUSD,0.00014370
1471,KAVA,KAVABUSD,2.17800000
1472,XEM,XEMBUSD,0.09630000
1473,ATA,ATABTC,0.00000936
1474,ATA,ATABNB,0.00068900
1475,ATA,ATABUSD,0.22330000
1476,ATA,ATAUSDT,0.22390000
1477,GTC,GTCBTC,0.00012570
1478,GTC,GTCBNB,0.01860000
1479,GTC,GTCBUSD,3.01100000
1480,GTC,GTCUSDT,3.01100000
1481,TORN,TORNBTC,0.00109860
1482,TORN,TORNBNB,0.09058000
1483,TORN,TORNBUSD,26.27000000
1484,TORN,TORNUSDT,26.24000000
1485,MATIC,MATICTRY,16.51400000
1486,ETC,ETCGBP,26.54000000
1487,SOL,SOLGBP,34.88000000
1488,BAKE,BAKEBTC,0.00001509
1489,COTI,COTIBUSD,0.12030000
1490,KEEP,KEEPBTC,0.00001432
1491,KEEP,KEEPBNB,0.00145070
1492,KEEP,KEEPBUSD,0.62600000
1493,KEEP,KEEPUSDT,0.62510000
1494,SOL,SOLTRY,759.10000000
1495,RUNE,RUNEGBP,2.42000000
1496,SOL,SOLBRL,216.80000000
1497,SC,SCBUSD,0.00472000
1498,CHR,CHRBUSD,0.22460000
1499,STMX,STMXBUSD,0.00905000
1500,HNT,HNTBUSD,9.03000000
1501,FTT,FTTBUSD,31.61000000
1502,DOCK,DOCKBUSD,0.02583000
1503,ADA,ADABIDR,7903.00
1504,ERN,ERNBNB,0.00764000
1505,ERN,ERNBUSD,2.44700000
1506,ERN,ERNUSDT,2.44400000
1507,KLAY,KLAYBTC,0.00001229
1508,KLAY,KLAYBNB,0.00090800
1509,KLAY,KLAYBUSD,0.29300000
1510,KLAY,KLAYUSDT,0.29300000
1511,RUNE,RUNEEUR,2.87400000
1512,MATIC,MATICAUD,1.31450000
1513,DOT,DOTRUB,561.00000000
1514,UTK,UTKBUSD,0.14970000
1515,IOTX,IOTXBUSD,0.03704000
1516,PHA,PHAUSDT,0.13010000
1517,SOL,SOLRUB,2600.00000000
1518,RUNE,RUNEAUD,17.40400000
1519,BUSD,BUSDUAH,39.18000000
1520,BOND,BONDBTC,0.00036800
1521,BOND,BONDBNB,0.02969000
1522,BOND,BONDBUSD,8.81600000
1523,BOND,BONDUSDT,8.81500000
1524,MLN,MLNBTC,0.00119600
1525,MLN,MLNBNB,0.09880000
1526,MLN,MLNBUSD,28.60000000
1527,MLN,MLNUSDT,28.60000000
1528,GRT,GRTTRY,2.69000000
1529,CAKE,CAKEBRL,69.72000000
1530,ICP,ICPRUB,4589.00000000
1531,DOT,DOTAUD,13.06000000
1532,AAVE,AAVEBRL,1792.00000000
1533,EOS,EOSAUD,6.55500000
1534,DEXE,DEXEUSDT,4.01800000
1535,LTO,LTOBUSD,0.10300000
1536,ADX,ADXBUSD,0.19420000
1537,QUICK,QUICKBTC,0.00374200
1538,QUICK,QUICKBNB,0.42200000
1539,QUICK,QUICKBUSD,89.20000000
1540,C98,C98USDT,0.57600000
1541,C98,C98BUSD,0.57500000
1542,C98,C98BNB,0.00177500
1543,C98,C98BTC,0.00002408
1544,CLV,CLVBTC,0.00000498
1545,CLV,CLVBNB,0.00036770
1546,CLV,CLVBUSD,0.11886000
1547,CLV,CLVUSDT,0.11892000
1548,QNT,QNTBTC,0.00530200
1549,QNT,QNTBNB,0.38750000
1550,QNT,QNTBUSD,126.70000000
1551,QNT,QNTUSDT,126.70000000
1552,FLOW,FLOWBTC,0.00012260
1553,FLOW,FLOWBNB,0.00904500
1554,FLOW,FLOWBUSD,2.93100000
1555,FLOW,FLOWUSDT,2.93300000
1556,XEC,XECBUSD,0.00004561
1557,AXS,AXSBRL,95.40000000
1558,AXS,AXSAUD,26.66000000
1559,TVK,TVKUSDT,0.05760000
1560,MINA,MINABTC,0.00003703
1561,MINA,MINABNB,0.00271400
1562,MINA,MINABUSD,0.88400000
1563,MINA,MINAUSDT,0.88400000
1564,RAY,RAYBNB,0.00269000
1565,RAY,RAYBUSD,0.87000000
1566,RAY,RAYUSDT,0.86900000
1567,FARM,FARMBTC,0.00237400
1568,FARM,FARMBNB,0.15150000
1569,FARM,FARMBUSD,56.80000000
1570,FARM,FARMUSDT,56.60000000
1571,ALPACA,ALPACABTC,0.00001205
1572,ALPACA,ALPACABNB,0.00094400
1573,ALPACA,ALPACABUSD,0.28680000
1574,ALPACA,ALPACAUSDT,0.28690000
1575,TLM,TLMTRY,0.58340000
1576,QUICK,QUICKUSDT,89.50000000
1577,ORN,ORNBUSD,1.52300000
1578,MBOX,MBOXBTC,0.00003281
1579,MBOX,MBOXBNB,0.00241700
1580,MBOX,MBOXBUSD,0.78200000
1581,MBOX,MBOXUSDT,0.78400000
1582,VGX,VGXBTC,0.00001509
1583,VGX,VGXETH,0.00020400
1584,FOR,FORUSDT,0.02489000
1585,REQ,REQUSDT,0.13630000
1586,GHST,GHSTUSDT,1.33600000
1587,TRU,TRURUB,5.33000000
1588,FIS,FISBRL,2.26000000
1589,WAXP,WAXPUSDT,0.11560000
1590,WAXP,WAXPBUSD,0.11580000
1591,WAXP,WAXPBNB,0.00035540
1592,WAXP,WAXPBTC,0.00000484
1593,TRIBE,TRIBEBTC,0.00000743
1594,TRIBE,TRIBEBNB,0.00143100
1595,TRIBE,TRIBEBUSD,0.16020000
1596,TRIBE,TRIBEUSDT,0.16010000
1597,GNO,GNOUSDT,167.90000000
1598,GNO,GNOBUSD,304.10000000
1599,GNO,GNOBNB,0.86500000
1600,GNO,GNOBTC,0.00562400
1601,ARPA,ARPATRY,0.80850000
1602,PROM,PROMBTC,0.00030370
1603,MTL,MTLBUSD,1.42900000
1604,OGN,OGNBUSD,0.22950000
1605,XEC,XECUSDT,0.00004563
1606,C98,C98BRL,2.96000000
1607,SOL,SOLAUD,60.42000000
1608,XRP,XRPBIDR,5643.00
1609,POLY,POLYBUSD,0.22870000
1610,ELF,ELFUSDT,0.17640000
1611,DYDX,DYDXUSDT,2.46200000
1612,DYDX,DYDXBUSD,2.45900000
1613,DYDX,DYDXBNB,0.00760200
1614,DYDX,DYDXBTC,0.00010301
1615,ELF,ELFBUSD,0.17640000
1616,POLY,POLYUSDT,0.22880000
1617,IDEX,IDEXUSDT,0.07984000
1618,VIDT,VIDTUSDT,0.35510000
1619,SOL,SOLBIDR,626739.00
1620,AXS,AXSBIDR,287000.00
1621,BTCUSDP,BTCUSDP,23888.00000000
1622,ETHUSDP,ETHUSDP,1758.73000000
1623,BNBUSDP,BNBUSDP,326.26000000
1624,USDP,USDPBUSD,1.00000000
1625,USDP,USDPUSDT,0.99980000
1626,GALA,GALAUSDT,0.06138000
1627,GALA,GALABUSD,0.06138000
1628,GALA,GALABNB,0.00018918
1629,GALA,GALABTC,0.00000257
1630,FTM,FTMBIDR,5600.00
1631,ALGO,ALGOBIDR,20095.00
1632,CAKE,CAKEAUD,25.61000000
1633,KSM,KSMAUD,234.80000000
1634,WAVES,WAVESRUB,1190.49000000
1635,SUN,SUNBUSD,0.00662000
1636,ILV,ILVUSDT,112.20000000
1637,ILV,ILVBUSD,112.50000000
1638,ILV,ILVBNB,0.34800000
1639,ILV,ILVBTC,0.00471000
1640,REN,RENBUSD,0.15980000
1641,YGG,YGGUSDT,0.81810000
1642,YGG,YGGBUSD,0.81930000
1643,YGG,YGGBNB,0.00252500
1644,YGG,YGGBTC,0.00003423
1645,STX,STXBUSD,0.50300000
1646,SYS,SYSUSDT,0.19040000
1647,DF,DFUSDT,0.04600000
1648,SOL,SOLUSDC,42.19000000
1649,ARPA,ARPARUB,2.77000000
1650,LTC,LTCUAH,2455.00000000
1651,FET,FETBUSD,0.10240000
1652,ARPA,ARPABUSD,0.04491000
1653,LSK,LSKBUSD,1.22000000
1654,AVAX,AVAXBIDR,427245.00
1655,ALICE,ALICEBIDR,42135.00
1656,FIDA,FIDAUSDT,0.55500000
1657,FIDA,FIDABUSD,0.55400000
1658,FIDA,FIDABNB,0.00543000
1659,FIDA,FIDABTC,0.00002319
1660,DENT,DENTBUSD,0.00119800
1661,FRONT,FRONTUSDT,0.28030000
1662,CVP,CVPUSDT,0.44910000
1663,AGLD,AGLDBTC,0.00001940
1664,AGLD,AGLDBNB,0.00190000
1665,AGLD,AGLDBUSD,0.46400000
1666,AGLD,AGLDUSDT,0.46300000
1667,RAD,RADBTC,0.00010450
1668,RAD,RADBNB,0.00768000
1669,RAD,RADBUSD,2.49000000
1670,RAD,RADUSDT,2.49400000
1671,UNI,UNIAUD,34.47000000
1672,HIVE,HIVEBUSD,0.59510000
1673,STPT,STPTBUSD,0.04954000
1674,BETA,BETABTC,0.00000612
1675,BETA,BETABNB,0.00045220
1676,BETA,BETABUSD,0.14668000
1677,BETA,BETAUSDT,0.14682000
1678,SHIB,SHIBAUD,0.00001762
1679,RARE,RAREBTC,0.00001269
1680,RARE,RAREBNB,0.00093100
1681,RARE,RAREBUSD,0.30200000
1682,RARE,RAREUSDT,0.30200000
1683,AVAX,AVAXBRL,148.40000000
1684,AVAX,AVAXAUD,41.54000000
1685,LUNA,LUNAAUD,0.00009000
1686,TROY,TROYBUSD,0.00453000
1687,AXS,AXSETH,0.01056000
1688,FTM,FTMETH,0.00021370
1689,SOL,SOLETH,0.02390000
1690,SSV,SSVBTC,0.00040110
1691,SSV,SSVETH,0.00545100
1692,LAZIO,LAZIOTRY,57.76900000
1693,LAZIO,LAZIOEUR,3.15660000
1694,LAZIO,LAZIOBTC,0.00013490
1695,LAZIO,LAZIOUSDT,3.21280000
1696,CHESS,CHESSBTC,0.00001670
1697,CHESS,CHESSBNB,0.00188500
1698,CHESS,CHESSBUSD,0.39800000
1699,CHESS,CHESSUSDT,0.40000000
1700,FTM,FTMAUD,0.54020000
1701,FTM,FTMBRL,1.94400000
1702,SCRT,SCRTBUSD,1.31500000
1703,ADX,ADXUSDT,0.19410000
1704,AUCTION,AUCTIONUSDT,10.17000000
1705,CELO,CELOBUSD,1.12800000
1706,FTM,FTMRUB,23.04000000
1707,NU,NUAUD,0.76900000
1708,NU,NURUB,41.13000000
1709,REEF,REEFTRY,0.08320000
1710,REEF,REEFBIDR,162.00
1711,SHIBDOGE,SHIBDOGE,0.00017660
1712,DAR,DARUSDT,0.34888000
1713,DAR,DARBUSD,0.34877000
1714,DAR,DARBNB,0.00107450
1715,DAR,DARBTC,0.00001458
1716,BNX,BNXBTC,0.00547700
1717,BNX,BNXBNB,0.40400000
1718,BNX,BNXBUSD,131.00000000
1719,BNX,BNXUSDT,131.00000000
1720,RGT,RGTUSDT,14.44000000
1721,RGT,RGTBTC,0.00037960
1722,RGT,RGTBUSD,14.46000000
1723,RGT,RGTBNB,0.03997000
1724,LAZIO,LAZIOBUSD,3.21890000
1725,OXT,OXTBUSD,0.12580000
1726,MANA,MANATRY,19.35000000
1727,ALGO,ALGORUB,22.00000000
1728,SHIB,SHIBUAH,0.00079300
1729,LUNA,LUNABIDR,0.88
1730,AUD,AUDUSDC,0.69800000
1731,MOVR,MOVRBTC,0.00076760
1732,MOVR,MOVRBNB,0.15520000
1733,MOVR,MOVRBUSD,18.35000000
1734,MOVR,MOVRUSDT,18.35000000
1735,CITY,CITYBTC,0.00025440
1736,CITY,CITYBNB,0.01877000
1737,CITY,CITYBUSD,6.08000000
1738,CITY,CITYUSDT,6.07000000
1739,ENS,ENSBTC,0.00069250
1740,ENS,ENSBNB,0.05090000
1741,ENS,ENSBUSD,16.53000000
1742,ENS,ENSUSDT,16.52000000
1743,SAND,SANDETH,0.00076030
1744,DOT,DOTETH,0.00518600
1745,MATIC,MATICETH,0.00051990
1746,ANKR,ANKRBUSD,0.03309000
1747,SAND,SANDTRY,24.15000000
1748,MANA,MANABRL,5.53000000
1749,KP3R,KP3RUSDT,161.46000000
1750,QI,QIUSDT,0.01827000
1751,QI,QIBUSD,0.01827000
1752,QI,QIBNB,0.00009910
1753,QI,QIBTC,0.00000077
1754,PORTO,PORTOBTC,0.00014675
1755,PORTO,PORTOUSDT,3.50030000
1756,PORTO,PORTOTRY,62.98000000
1757,PORTO,PORTOEUR,3.43250000
1758,POWR,POWRUSDT,0.26070000
1759,POWR,POWRBUSD,0.26030000
1760,AVAX,AVAXETH,0.01641000
1761,SLP,SLPTRY,0.08890000
1762,FIS,FISTRY,8.87000000
1763,LRC,LRCTRY,8.58000000
1764,CHR,CHRETH,0.00012730
1765,FIS,FISBIDR,9124.00
1766,VGX,VGXUSDT,0.36000000
1767,GALA,GALAETH,0.00003484
1768,JASMY,JASMYUSDT,0.01034800
1769,JASMY,JASMYBUSD,0.01034600
1770,JASMY,JASMYBNB,0.00003179
1771,JASMY,JASMYBTC,0.00000044
1772,AMP,AMPBTC,0.00000035
1773,AMP,AMPBNB,0.00003999
1774,AMP,AMPBUSD,0.00834000
1775,AMP,AMPUSDT,0.00837000
1776,PLA,PLABTC,0.00001821
1777,PLA,PLABNB,0.00133200
1778,PLA,PLABUSD,0.43400000
1779,PLA,PLAUSDT,0.43200000
1780,PYR,PYRBTC,0.00018560
1781,PYR,PYRBUSD,4.43000000
1782,PYR,PYRUSDT,4.43000000
1783,RNDR,RNDRBTC,0.00003190
1784,RNDR,RNDRUSDT,0.76200000
1785,RNDR,RNDRBUSD,0.76200000
1786,ALCX,ALCXBTC,0.00142000
1787,ALCX,ALCXBUSD,33.80000000
1788,ALCX,ALCXUSDT,33.90000000
1789,SANTOS,SANTOSBTC,0.00019696
1790,SANTOS,SANTOSUSDT,4.70700000
1791,SANTOS,SANTOSBRL,24.25000000
1792,SANTOS,SANTOSTRY,84.68000000
1793,MC,MCBTC,0.00004021
1794,MC,MCBUSD,0.96400000
1795,MC,MCUSDT,0.96200000
1796,BEL,BELTRY,15.91000000
1797,COCOS,COCOSBUSD,0.79810000
1798,DENT,DENTTRY,0.02160000
1799,ENJ,ENJTRY,12.54000000
1800,NEO,NEORUB,701.00000000
1801,SAND,SANDAUD,1.92330000
1802,SLP,SLPBIDR,73.30
1803,ANY,ANYBTC,0.00026020
1804,ANY,ANYBUSD,12.33000000
1805,ANY,ANYUSDT,12.30000000
1806,BICO,BICOBTC,0.00002770
1807,BICO,BICOBUSD,0.66100000
1808,BICO,BICOUSDT,0.66000000
1809,FLUX,FLUXBTC,0.00002647
1810,FLUX,FLUXBUSD,0.63200000
1811,FLUX,FLUXUSDT,0.63200000
1812,ALICE,ALICETRY,51.00000000
1813,FXS,FXSUSDT,7.58900000
1814,GALA,GALABRL,0.31600000
1815,GALA,GALATRY,1.10400000
1816,LUNA,LUNATRY,0.00090000
1817,REQ,REQBUSD,0.13660000
1818,SAND,SANDBRL,6.90000000
1819,MANA,MANABIDR,15961.00
1820,SAND,SANDBIDR,19958.00
1821,VOXEL,VOXELBTC,0.00001815
1822,VOXEL,VOXELBNB,0.00134080
1823,VOXEL,VOXELBUSD,0.43340000
1824,VOXEL,VOXELUSDT,0.43320000
1825,COS,COSBUSD,0.00804000
1826,CTXC,CTXCBUSD,0.15400000
1827,FTM,FTMTRY,6.80200000
1828,MANA,MANABNB,0.00331400
1829,MINA,MINATRY,15.92000000
1830,XTZ,XTZTRY,33.82000000
1831,HIGH,HIGHBTC,0.00008568
1832,HIGH,HIGHBUSD,2.04700000
1833,HIGH,HIGHUSDT,2.04500000
1834,CVX,CVXBTC,0.00030630
1835,CVX,CVXBUSD,7.30000000
1836,CVX,CVXUSDT,7.30000000
1837,PEOPLE,PEOPLEBTC,0.00000142
1838,PEOPLE,PEOPLEBUSD,0.03419000
1839,PEOPLE,PEOPLEUSDT,0.03414000
1840,OOKI,OOKIBUSD,0.00629000
1841,OOKI,OOKIUSDT,0.00628000
1842,COCOS,COCOSTRY,14.34000000
1843,GXS,GXSBNB,0.00453800
1844,LINK,LINKBNB,0.02681000
1845,LUNA,LUNAETH,0.00000003
1846,MDT,MDTBUSD,0.03300000
1847,NULS,NULSBUSD,0.26130000
1848,SPELL,SPELLBTC,0.00000012
1849,SPELL,SPELLUSDT,0.00118840
1850,SPELL,SPELLBUSD,0.00118940
1851,UST,USTBTC,0.00002476
1852,UST,USTBUSD,0.06762946
1853,UST,USTUSDT,0.24577900
1854,JOE,JOEBTC,0.00001672
1855,JOE,JOEBUSD,0.39900000
1856,JOE,JOEUSDT,0.39900000
1857,ATOM,ATOMETH,0.00664200
1858,DUSK,DUSKBUSD,0.16590000
1859,EGLD,EGLDETH,0.03682000
1860,ICP,ICPETH,0.00472500
1861,LUNA,LUNABRL,0.00030000
1862,LUNAUST,LUNAUST,0.00004900
1863,NEAR,NEARETH,0.00311300
1864,ROSE,ROSEBNB,0.00032390
1865,VOXEL,VOXELETH,0.00024640
1866,ALICE,ALICEBNB,0.00879300
1867,ATOM,ATOMTRY,211.20000000
1868,ETHUST,ETHUST,8239.72000000
1869,GALA,GALAAUD,0.08755000
1870,LRC,LRCBNB,0.00146700
1871,ONE,ONEETH,0.00001448
1872,OOKI,OOKIBNB,0.00001941
1873,ACH,ACHBTC,0.00000068
1874,ACH,ACHBUSD,0.01610000
1875,ACH,ACHUSDT,0.01610000
1876,IMX,IMXBTC,0.00004952
1877,IMX,IMXBUSD,1.18200000
1878,IMX,IMXUSDT,1.18300000
1879,GLMR,GLMRBTC,0.00003214
1880,GLMR,GLMRBUSD,0.76800000
1881,GLMR,GLMRUSDT,0.76780000
1882,ATOM,ATOMBIDR,307866.00
1883,DYDX,DYDXETH,0.00159100
1884,FARM,FARMETH,0.03152000
1885,FOR,FORBNB,0.00009710
1886,ICP,ICPTRY,149.60000000
1887,JASMY,JASMYETH,0.00000584
1888,LINA,LINABNB,0.00007811
1889,OOKI,OOKIETH,0.00000360
1890,ROSE,ROSEETH,0.00005960
1891,UMA,UMABUSD,3.06000000
1892,UNI,UNIETH,0.00500700
1893,XTZ,XTZETH,0.00106600
1894,LOKA,LOKABTC,0.00003382
1895,LOKA,LOKABNB,0.00249960
1896,LOKA,LOKABUSD,0.81090000
1897,LOKA,LOKAUSDT,0.81040000
1898,ATOM,ATOMBRL,60.31000000
1899,BNBUST,BNBUST,1129.30000000
1900,CRV,CRVETH,0.00080300
1901,HIGH,HIGHBNB,0.00629400
1902,NEAR,NEARRUB,338.60000000
1903,ROSE,ROSETRY,1.89500000
1904,SCRT,SCRTUSDT,1.31700000
1905,API3,API3BTC,0.00008891
1906,API3,API3BUSD,2.12200000
1907,API3,API3USDT,2.12400000
1908,BTTC,BTTCUSDT,0.00000098
1909,BTTC,BTTCUSDC,0.00000099
1910,BTTC,BTTCTRY,0.00001762
1911,ACA,ACABTC,0.00001366
1912,ACA,ACABUSD,0.32700000
1913,ACA,ACAUSDT,0.32800000
1914,ANC,ANCBTC,0.00000488
1915,ANC,ANCBUSD,0.11674000
1916,ANC,ANCUSDT,0.11668000
1917,BDOTDOT,BDOTDOT,0.74370000
1918,XNO,XNOBTC,0.00004461
1919,XNO,XNOETH,0.00060270
1920,XNO,XNOBUSD,1.06400000
1921,XNO,XNOUSDT,1.06500000
1922,COS,COSTRY,0.14460000
1923,KAVA,KAVAETH,0.00123400
1924,MC,MCBNB,0.00307000
1925,ONE,ONETRY,0.45900000
1926,WOO,WOOBTC,0.00001047
1927,WOO,WOOBNB,0.00077100
1928,WOO,WOOBUSD,0.25000000
1929,WOO,WOOUSDT,0.24970000
1930,CELR,CELRETH,0.00001306
1931,PEOPLE,PEOPLEBNB,0.00010437
1932,SLP,SLPBNB,0.00001518
1933,SPELL,SPELLBNB,0.00000404
1934,SPELL,SPELLTRY,0.02141000
1935,TFUEL,TFUELBUSD,0.06500000
1936,AXS,AXSTRY,335.00000000
1937,DAR,DARTRY,6.28000000
1938,NEAR,NEARTRY,98.83000000
1939,IDEX,IDEXBNB,0.00024630
1940,ALPINE,ALPINEEUR,2.93570000
1941,ALPINE,ALPINETRY,53.95000000
1942,ALPINE,ALPINEUSDT,2.99660000
1943,ALPINE,ALPINEBTC,0.00012564
1944,T,TUSDT,0.04060000
1945,T,TBUSD,0.04060000
1946,API3,API3BNB,0.00533000
1947,BETA,BETAETH,0.00008330
1948,INJ,INJTRY,28.57000000
1949,TLM,TLMBNB,0.00010990
1950,ASTR,ASTRBUSD,0.05140000
1951,ASTR,ASTRUSDT,0.05140000
1952,API3,API3TRY,38.25000000
1953,GLMR,GLMRBNB,0.00234200
1954,MBOX,MBOXTRY,14.10000000
1955,NBT,NBTBIDR,138.30
1956,NBT,NBTUSDT,0.00914000
1957,GMT,GMTBTC,0.00003928
1958,GMT,GMTBNB,0.00289500
1959,GMT,GMTBUSD,0.93920000
1960,GMT,GMTUSDT,0.93890000
1961,ANC,ANCBNB,0.00035990
1962,ATOM,ATOMEUR,11.55400000
1963,GALA,GALAEUR,0.06030000
1964,KSM,KSMETH,0.03703000
1965,UMA,UMATRY,55.00000000
1966,KDA,KDABTC,0.00009430
1967,KDA,KDABUSD,2.25900000
1968,KDA,KDAUSDT,2.26000000
1969,APE,APEUSDT,7.28010000
1970,APE,APEBUSD,7.27970000
1971,APE,APEBTC,0.00030471
1972,ALPINE,ALPINEBUSD,2.99890000
1973,LUNA,LUNAGBP,0.00005000
1974,NEAR,NEAREUR,5.38000000
1975,TWT,TWTTRY,20.95000000
1976,WAVES,WAVESEUR,6.03300000
1977,APE,APEEUR,7.15010000
1978,APE,APEGBP,6.02390000
1979,APE,APETRY,130.90000000
1980,BSW,BSWUSDT,0.37420000
1981,BSW,BSWBUSD,0.37390000
1982,BSW,BSWBNB,0.00115390
1983,APE,APEBNB,0.02244000
1984,GMT,GMTBRL,4.83100000
1985,GMT,GMTETH,0.00053190
1986,JASMY,JASMYTRY,0.18618400
1987,SANTOS,SANTOSBUSD,4.70400000
1988,APE,APEAUD,10.39160000
1989,BIFI,BIFIUSDT,482.50000000
1990,GMT,GMTEUR,0.92110000
1991,IMX,IMXBNB,0.00364500
1992,RUNE,RUNEETH,0.00165700
1993,AVAX,AVAXGBP,23.86000000
1994,MULTI,MULTIBTC,0.00028460
1995,MULTI,MULTIBUSD,6.81000000
1996,MULTI,MULTIUSDT,6.80000000
1997,APE,APEETH,0.00412300
1998,BSW,BSWETH,0.00021220
1999,FIL,FILTRY,159.80000000
2000,FTM,FTMEUR,0.37090000
2001,GMT,GMTGBP,0.77710000
2002,ZIL,ZILTRY,0.81700000
2003,GMT,GMTTRY,16.89000000
2004,WAVES,WAVESTRY,110.90000000
2005,BTCUST,BTCUST,121179.88000000
2006,ASTR,ASTRBTC,0.00000215
2007,ASTR,ASTRETH,0.00002920
2008,BSW,BSWTRY,6.72000000
2009,FTT,FTTETH,0.01792000
2010,FUN,FUNBNB,0.00002552
2011,PORTO,PORTOBUSD,3.51120000
2012,STEEM,STEEMUSDT,0.26020000
2013,ZIL,ZILEUR,0.04456000
2014,APE,APEBRL,37.41000000
2015,AUDIO,AUDIOTRY,6.76000000
2016,BTTC,BTTCBUSD,0.00000099
2017,GMT,GMTAUD,1.33780000
2018,MBL,MBLBUSD,0.00469600
2019,MOB,MOBUSDT,1.31800000
2020,MOB,MOBBUSD,1.31800000
2021,MOB,MOBBTC,0.00005519
2022,NEXO,NEXOUSDT,0.76900000
2023,NEXO,NEXOBUSD,0.76700000
2024,NEXO,NEXOBTC,0.00003211
2025,REI,REIUSDT,0.04610000
2026,REI,REIBNB,0.00014230
2027,REI,REIETH,0.00002618
2028,GAL,GALUSDT,3.77200000
2029,GAL,GALBUSD,3.77300000
2030,GAL,GALBNB,0.01163000
2031,GAL,GALBTC,0.00015796
2032,JASMY,JASMYEUR,0.01017600
2033,KNC,KNCBNB,0.00489500
2034,SHIB,SHIBGBP,0.00001018
2035,GAL,GALEUR,3.70000000
2036,GAL,GALTRY,67.90000000
2037,LDO,LDOBUSD,2.43900000
2038,LDO,LDOUSDT,2.43900000
2039,LDO,LDOBTC,0.00010211
2040,ENS,ENSTRY,297.10000000
2041,DAR,DAREUR,0.34426000
2042,DAR,DARETH,0.00019750
2043,ALGO,ALGOETH,0.00020440
2044,ALGO,ALGOTRY,6.47300000
2045,GAL,GALETH,0.00213600
2046,EPX,EPXUSDT,0.00069100
2047,EPX,EPXBUSD,0.00069100
2048,RUNE,RUNETRY,52.42000000
2049,GAL,GALBRL,19.44000000
2050,STEEM,STEEMBUSD,0.26010000
2051,CVC,CVCBUSD,0.16180000
2052,REI,REIBUSD,0.04620000
2053,DREP,DREPBUSD,0.61080000
2054,AKRO,AKROBUSD,0.00514000
2055,PUNDIX,PUNDIXBUSD,0.63000000
2056,LUNC,LUNCBUSD,0.00009966
2057,USTC,USTCBUSD,0.03203981
2058,OP,OPBTC,0.00007945
2059,OP,OPBUSD,1.89600000
2060,OP,OPUSDT,1.89600000
2061,OG,OGBUSD,6.07700000
2062,KEY,KEYBUSD,0.00511200
2063,ASR,ASRBUSD,4.14200000
2064,FIRO,FIROBUSD,2.85200000
2065,NKN,NKNBUSD,0.11750000
2066,OP,OPBNB,0.00583100
2067,OP,OPEUR,1.86200000
2068,GTO,GTOBUSD,0.02517000
2069,SNX,SNXETH,0.00232800
2070,WBTC,WBTCBUSD,23908.52000000
2071,BEL,BELETH,0.00050030
2072,LIT,LITETH,0.00057260
2073,LEVER,LEVERUSDT,0.00307100
2074,LEVER,LEVERBUSD,0.00307000
2075,BURGER,BURGERETH,0.00090700
2076,PEOPLE,PEOPLEETH,0.00001930
2077,UNFI,UNFIETH,0.00510800
2078,BOND,BONDETH,0.00496000
2079,STORJ,STORJTRY,12.54000000
2080,OP,OPETH,0.00107300
2081,ETC,ETCTRY,673.70000000
